Item_Identifier,Outlet_Identifier,Item_Outlet_Sales
1114,9,1631.1077
1078,2,1025.4778
1420,0,814.1891
817,2,2081.7966
1197,5,6474.659
465,8,1816.719
610,3,428.41968
268,5,2116.661
674,7,1201.2367
172,2,1679.2142
952,2,1611.9718
815,7,1416.4648
1292,4,767.74567
975,9,2514.058
120,1,792.73914
632,9,1677.4628
504,7,2850.531
9,3,3861.5369
1400,5,3254.3108
180,0,317.41675
167,1,2867.8438
1359,6,2995.2915
424,8,821.0805
1380,4,149.59703
875,6,2613.3723
1134,0,453.85812
1317,6,843.0561
1304,8,1151.1105
13,8,4191.2104
329,6,2209.4736
1474,4,110.565056
1159,3,2755.3315
1467,3,254.32988
991,5,5691.8433
1015,2,2920.7258
822,5,5527.6807
907,5,2389.8538
309,0,661.373
1316,2,2789.817
1301,5,1818.3002
1302,3,1442.2614
1181,0,247.61545
1548,2,1850.8788
1380,3,2137.6975
748,0,1479.3667
252,1,1617.0054
831,0,121.819374
1485,6,2905.1423
382,6,4230.908
994,8,2360.3738
66,8,814.4763
619,1,2026.9266
892,2,2995.0833
518,2,1625.9993
1052,5,4408.14
394,9,2647.1833
151,1,4776.8286
920,1,595.5108
616,4,311.34116
351,7,1415.9314
1076,6,2687.1426
612,2,2718.8667
1546,5,3554.9983
824,2,1378.4764
678,7,1834.9584
215,5,2480.1309
161,2,2971.1467
1376,8,4219.0576
491,1,3522.8071
1526,7,3849.7124
1530,9,4016.3958
259,5,2700.442
1226,3,1839.9418
62,9,4767.0454
1324,7,2033.5093
14,7,1987.7036
1033,4,644.4596
230,8,2782.5007
140,4,78.317406
155,1,2234.2314
11,6,3501.491
1083,3,1291.1378
1336,8,1388.548
1014,1,3120.9
1188,2,2915.0188
1062,6,1693.7133
965,8,3833.3425
207,8,3519.1465
859,7,803.39667
192,0,317.84702
677,7,3229.7407
1118,5,5731.9395
787,5,2862.249
995,3,2388.2483
1493,1,1345.683
1236,8,603.3641
688,2,2507.176
147,3,1929.6759
1243,7,2825.945
1499,1,763.0548
949,3,2261.4146
579,2,1561.7395
1234,2,3348.2114
400,8,2192.9248
3,4,-545.7103
1291,5,6200.624
1127,4,983.803
631,9,1049.2097
508,5,1208.2838
978,3,4423.6685
213,0,394.75296
752,8,3053.6382
717,0,282.67358
334,5,6422.593
709,6,1629.2184
115,5,2576.747
891,8,738.4787
1136,1,1239.2345
1217,6,1005.8003
609,7,1562.1289
916,5,4241.9097
1423,2,355.23676
701,6,1084.2892
277,9,1494.8386
182,3,3760.6785
1243,5,4005.7559
558,7,1563.7461
1085,3,762.9425
626,3,1195.02
626,1,1564.6902
1116,3,2457.344
329,1,1951.6094
1400,6,1500.8436
1214,0,209.16449
86,9,1175.8352
940,4,322.2402
791,3,730.49866
867,9,1101.4504
269,4,293.13943
1036,1,2165.8782
46,0,957.70795
809,8,649.805
132,9,1767.5646
1540,6,2860.8135
351,6,1517.461
1282,7,1579.5627
1319,6,2811.7424
511,5,3817.0896
1285,2,1156.595
1297,5,1537.184
609,9,1648.644
629,7,4676.5264
1342,0,574.0317
122,6,4987.0654
1334,3,2044.716
886,1,2640.2856
724,3,641.1042
896,9,1267.7623
109,7,1195.3131
84,9,721.29083
1020,2,1823.3478
1408,6,2585.623
434,1,4631.2163
883,8,3037.9167
1050,9,970.4783
1253,0,247.48183
887,5,2592.0308
568,9,2216.92
906,7,2158.7644
557,0,769.6257
292,7,3348.3186
1340,2,2538.1096
1440,0,182.14392
652,0,205.34119
1036,2,1998.8423
434,3,4673.9316
877,5,3452.6653
851,5,5851.7617
740,5,854.2212
49,5,5222.1543
241,6,1339.9081
387,3,2262.941
409,6,4097.075
1307,2,714.2435
1402,0,97.1861
1410,9,1466.7269
375,6,3834.2612
363,1,2132.4216
88,9,4441.15
1331,6,2626.595
643,8,1349.3074
963,3,2247.0815
1036,8,2625.5571
500,4,428.80145
874,6,866.25085
1289,5,4045.0093
778,4,476.23825
250,2,2757.7505
1259,8,2922.0986
1247,4,218.99663
904,5,3121.5781
20,7,1727.8485
1053,2,3737.8823
596,7,2461.951
188,3,1683.2651
670,8,1157.8883
629,9,5343.1694
701,2,1441.924
581,6,2877.647
355,8,2144.044
469,5,2960.7505
1293,4,108.1187
822,3,2545.3413
200,2,1563.744
855,1,3859.6624
1407,2,2138.3503
647,4,145.4374
960,5,6684.6094
596,8,2421.1492
1556,8,3977.1797
85,4,1125.7803
1100,1,2140.4116
675,8,3915.5833
868,6,3121.4287
1332,7,1745.6208
243,6,1586.4698
1145,3,3179.8
1274,8,2408.6604
826,4,157.29506
272,2,1497.6296
1202,1,5080.278
161,0,104.79056
318,6,1581.8279
1083,7,1977.0474
1044,8,1201.3607
915,9,1828.3433
1521,2,2849.9543
1374,8,1860.7021
403,4,487.88657
415,2,3412.7285
282,0,231.05229
1424,2,4514.65
513,0,52.071865
1096,2,1548.855
1083,0,881.83276
1181,2,2100.0417
27,1,902.4054
1293,9,820.8123
463,0,420.69104
695,2,2824.32
1001,7,3614.6807
1123,0,-20.687117
455,4,79.92262
1114,2,1210.5657
267,2,5045.016
1473,6,1809.7067
62,6,4656.4385
271,5,3985.756
1177,8,1124.9092
1194,1,691.19476
491,2,4155.386
1502,9,2308.2673
1192,3,3253.4016
245,5,4568.703
967,9,3165.9614
1506,8,3492.3552
1513,3,2690.896
1544,2,2515.7646
808,9,2150.9844
428,5,3477.1165
561,2,4505.361
1295,7,1524.0957
1533,5,3366.921
1496,1,1607.2188
135,6,667.1385
496,6,1340.7937
179,9,293.48367
754,7,516.3701
1167,8,1604.7296
923,3,1747.3802
65,5,2060.1663
172,3,1481.5636
1319,2,2394.596
401,9,2934.6646
409,5,6998.3857
978,9,3841.7368
1204,4,516.12524
503,9,1616.2927
16,1,925.309
631,8,959.3371
451,1,949.1603
144,1,2472.6836
1459,8,1472.8933
701,5,2455.3547
971,5,4006.6467
1275,1,2604.2583
1006,7,1814.2826
1401,7,1938.9727
844,0,699.4588
111,3,428.96405
1346,0,-420.37204
25,2,3636.5928
1327,8,3675.1182
437,6,1790.3187
636,6,1505.2427
634,6,2340.6985
1507,5,4398.8647
1456,8,1706.1599
875,1,2313.6013
213,5,5001.9814
476,1,1578.088
1526,1,4445.8496
1284,3,1920.459
1068,2,2088.3123
1301,2,1588.0796
650,3,811.12805
190,2,3351.1377
576,8,3023.4014
769,7,3809.244
1082,3,1667.7722
910,9,1281.5243
1493,3,1246.3505
1387,1,2987.407
239,7,2943.033
377,6,3043.6052
733,5,3405.594
296,0,384.11234
1223,7,2451.0054
1247,6,852.4851
311,3,591.373
1544,4,757.2064
772,2,3291.5835
1057,2,3356.504
1185,4,49.78599
1436,2,1611.7025
830,2,1961.028
909,2,954.9607
751,7,1292.4352
1282,5,3505.4395
375,2,3664.064
672,3,2642.1672
127,2,1383.7432
664,9,2500.9954
113,8,3028.9155
1062,9,1765.7124
67,5,2247.7407
147,2,2487.374
386,5,4821.5083
1142,8,2557.3474
1163,9,1828.9728
1269,7,2665.626
724,1,665.31244
582,4,175.92995
127,6,1189.2263
833,1,2042.7638
1287,3,2614.1826
1310,7,1804.2389
1185,2,778.9606
441,9,2403.7034
533,1,2136.069
680,0,365.70496
1172,6,2103.644
1244,6,1397.3914
1494,7,885.48
142,3,286.89694
1554,3,1791.5642
264,3,1783.397
223,6,1430.7244
1170,1,2124.6372
634,8,2519.4585
1248,2,4575.0312
949,4,283.65073
1284,4,344.68564
589,5,4001.3748
615,2,5880.8657
972,8,1469.3193
565,2,4021.348
783,0,190.24782
906,2,2317.0679
737,7,5279.54
1083,9,1459.3876
1186,6,4224.2827
29,2,1680.85
1051,4,90.14789
291,7,1679.9137
645,4,215.89648
1430,0,-339.29095
633,8,3499.4404
1415,9,2082.8674
986,7,1837.626
1255,8,2865.5242
764,1,3718.1794
1403,7,1928.0531
1074,4,216.91803
745,2,2021.3607
560,8,2710.2075
686,9,1247.6469
651,7,2089.1733
1251,5,3611.916
1267,3,1386.0902
299,8,1960.0985
1371,6,1056.02
494,5,2726.3599
958,4,283.06644
1490,8,3066.3098
941,6,2744.5132
953,9,1004.7379
927,7,2576.3638
725,7,1214.4933
1502,0,385.7787
1477,9,3556.313
1427,3,2587.1208
973,7,1076.0258
927,3,2369.7654
322,8,1678.0344
1373,4,430.00296
420,9,3815.1562
68,6,908.5265
704,4,83.01985
286,5,5746.2046
241,8,1281.6412
458,5,891.6898
1042,8,1125.0172
400,6,2101.765
893,1,2107.186
1388,3,3516.8313
26,6,5258.0474
30,9,1588.736
1385,7,4135.4653
754,1,848.3443
674,3,1339.206
1262,8,2918.1848
346,0,769.2331
510,1,1378.7216
807,3,3023.0024
637,5,6079.2866
700,0,30.540197
645,1,1127.9528
822,7,3180.1594
1206,3,1871.7223
819,7,1863.0665
1074,9,3229.696
726,9,751.38477
529,3,1568.2675
883,3,2968.193
1003,1,2287.88
1018,6,3384.8408
658,8,4298.475
1404,5,5444.032
667,3,2599.0417
1190,0,487.19366
1069,0,536.0848
286,8,4122.399
1035,2,1872.2803
78,7,2022.267
661,6,1257.7097
384,5,1683.5044
1004,6,1537.2856
232,9,3028.5183
1026,9,2267.0156
817,1,1868.4434
1267,2,1467.3059
463,9,851.5053
632,3,1888.2458
1447,5,4565.21
1427,4,22.742306
636,2,1389.248
1377,2,734.6096
544,1,5529.8887
773,2,1898.2463
793,9,2992.731
787,3,1888.9548
1002,1,2185.3245
448,0,34.018288
1040,4,240.78279
631,7,1013.85394
863,8,2996.885
1049,9,3891.5923
997,4,404.91144
782,0,1083.4415
1118,7,3438.4426
1486,3,1766.4972
1212,5,2695.2805
205,9,5384.2275
334,2,4013.8787
814,2,2686.4827
182,9,3224.8271
1229,7,2475.94
1291,7,2751.9314
1512,8,3119.8042
1271,3,3165.5833
1202,8,3775.5383
1288,7,2097.6545
650,1,1278.5105
584,0,226.11119
196,5,3373.6606
952,6,1715.9985
1490,5,4880.593
1138,9,2942.4663
560,1,2973.4717
0,8,2373.7534
722,0,209.32086
351,1,1341.9894
1338,7,3132.7583
1022,6,795.9817
225,3,2835.7341
253,0,296.4326
291,8,2513.209
872,5,2836.736
80,7,4605.7334
412,3,2686.7727
978,2,3507.9727
294,4,51.34622
1445,2,1652.7993
873,9,2426.2405
1155,7,1935.497
272,4,78.26817
788,6,3922.1458
588,7,2267.7173
637,4,792.5916
185,7,2136.8853
1236,3,402.81744
920,8,481.00186
10,9,2019.108
833,5,4941.522
776,5,5785.53
341,6,3285.3694
69,5,2499.3667
925,4,504.31094
283,6,3019.2961
852,7,1324.0211
1121,2,2882.3657
824,6,1323.479
185,2,2301.4883
965,4,928.1952
368,2,3044.3171
830,7,1674.6992
1187,9,5650.415
1070,2,1890.9009
574,2,3847.9224
690,9,3288.7283
622,4,-83.092186
765,9,1663.4768
227,4,216.729
1457,9,3721.6487
743,5,7312.7417
1143,3,1712.6016
735,0,796.1081
666,8,3274.667
380,9,3469.6733
884,2,1092.5082
1400,1,1364.9238
572,4,588.5954
39,5,3175.8208
453,3,1585.8762
774,3,1340.5798
99,5,3204.1377
1496,4,117.69715
341,9,3625.1768
470,9,3974.4429
1340,7,2667.7156
962,9,813.0433
19,3,2829.4927
1064,1,2714.769
746,9,4288.1396
433,1,3288.9658
827,5,4402.427
1439,7,2098.0564
376,9,1600.7653
108,1,3926.4824
74,7,1140.2538
964,1,2204.017
304,3,1469.0995
762,3,2166.735
647,5,2929.285
721,0,91.97154
1093,0,22.094486
1185,7,943.7162
197,0,427.39066
642,6,2132.707
1342,2,3427.9917
1076,4,340.4246
1156,5,3683.599
1519,5,2344.9207
1139,2,1748.8464
125,7,4427.387
174,7,1991.8682
849,8,1092.9111
1250,8,3411.7595
396,2,2170.5288
559,1,5556.4736
1055,7,1541.3385
665,7,1817.043
745,5,3497.9785
491,7,3853.9094
142,1,617.01373
188,2,2157.9246
196,1,1893.2279
1428,5,3037.933
811,3,1793.1707
501,5,2770.053
1249,5,3030.943
1222,3,2534.536
1169,9,2017.706
1329,2,1941.9924
80,5,4472.806
799,1,2601.0225
1080,6,1365.3947
989,8,948.9243
843,0,244.50354
811,0,190.25812
898,8,1997.2607
1088,3,2469.0635
1126,3,4482.407
1439,1,2506.36
1103,0,479.63815
1414,9,1366.2241
668,9,705.3771
1384,5,1006.2319
821,4,144.12973
283,0,1188.8323
894,0,469.98822
984,7,2057.4102
502,1,2106.6118
64,9,2626.051
1142,1,2661.2803
1444,3,313.22278
235,7,3189.3875
200,9,1338.3944
1437,6,1197.5447
513,2,1758.9777
414,8,1619.5857
1276,2,1304.4364
628,9,1027.1107
1087,3,1131.8875
215,0,375.51636
130,1,2513.9993
382,4,778.6236
439,7,1247.021
1463,3,3852.4111
69,3,841.4783
96,1,1801.9392
93,5,4764.105
1180,6,3281.91
796,7,2354.0713
1240,7,2343.142
374,7,2288.0142
150,9,2439.4272
411,8,1212.873
338,4,592.6961
1471,5,1916.4592
1043,6,3410.408
144,3,1289.4243
1387,6,3075.5596
829,9,2482.3535
1292,8,4320.083
135,1,1248.0945
1158,4,271.6557
1041,5,4424.178
1268,5,4884.632
1116,9,2202.6719
1122,2,2957.7168
24,1,3968.3518
297,8,4137.9946
1095,1,512.8463
527,2,1505.5718
1059,6,2707.0647
1096,8,1363.7615
453,8,2881.3752
1483,5,3468.927
683,2,542.99347
583,3,4203.8774
474,1,4085.5042
744,3,1760.5284
983,0,209.25798
1445,7,1709.419
1174,1,1873.3915
740,3,256.399
1412,9,2526.1548
568,1,2429.252
253,9,1106.2157
530,5,6556.5986
1493,6,1359.3901
1338,4,271.034
1016,3,2112.9907
869,7,3469.3909
270,8,1987.3445
969,1,3193.9536
1149,7,3784.7603
1539,0,-307.09204
1376,5,5894.5737
296,6,1694.2827
1415,7,1909.7506
1537,9,3480.6318
1013,4,482.2241
792,8,1678.0741
813,7,4874.3735
244,7,601.9356
1173,6,3207.7283
797,7,3534.055
1037,8,5577.877
510,6,1724.3522
6,9,1675.2172
574,4,603.02045
1209,5,1831.1658
210,8,3057.0564
946,6,655.32855
1037,2,5073.8916
1407,5,3559.7039
274,2,3021.715
776,3,3461.653
985,2,2647.7239
1535,6,3260.4812
1294,6,758.04504
1072,7,1591.535
1503,2,3509.1807
1304,1,1242.3776
1060,0,280.62628
191,2,3037.4023
1469,7,497.9354
551,9,1461.357
1457,0,304.57678
1216,4,299.4327
1089,6,3001.6382
288,3,3458.4043
1099,1,2528.3276
76,7,950.089
910,1,1630.7727
1000,5,5983.4897
1322,1,2714.0369
459,7,1453.0199
1440,9,2412.8418
462,9,3482.9973
40,0,289.6579
1039,5,2327.661
1353,9,1973.1696
654,3,3780.6782
812,9,1058.1287
778,2,4618.128
903,9,1920.1997
1353,7,1556.338
300,6,2016.44
1186,7,4277.212
1010,8,2706.8035
110,2,4641.171
1382,2,1994.3214
666,6,3617.2485
1318,5,3083.247
544,6,4916.9575
953,2,598.379
1292,5,6574.7803
736,3,3011.4153
1002,8,2225.3015
60,6,695.9096
992,9,1967.6682
1188,9,2844.868
1450,1,2325.7473
1555,9,2563.4897
119,1,2391.1172
471,3,1423.506
1211,7,4925.575
10,1,1847.9669
1513,2,3224.1484
839,9,1491.3156
1241,3,2800.221
759,6,2234.097
1122,5,4836.1274
913,7,2186.9778
1326,9,1912.872
556,3,3008.2722
464,9,1320.9447
88,3,4179.039
186,8,2607.7039
932,0,153.12903
340,4,746.3788
484,2,3979.5566
210,3,2888.4272
1025,2,3122.2415
732,8,1792.0728
298,5,2748.8064
535,5,1451.711
1249,1,1488.5869
138,6,1169.5016
7,7,521.0814
836,3,2322.863
1310,0,221.42218
706,8,1282.1085
1308,3,2548.475
791,6,934.2952
1167,7,1677.6313
873,2,2435.3113
409,3,2697.0112
812,3,693.1725
194,2,4257.4497
728,9,1830.3065
318,3,1220.5817
680,2,3991.7468
874,1,688.1624
1273,3,2862.6687
737,0,217.37788
272,7,1258.0327
1404,2,3633.7214
584,3,1573.8743
153,4,341.14395
184,7,1215.336
251,2,4800.8037
330,9,2391.407
292,8,3428.822
1268,9,3610.7075
564,8,2024.2914
10,8,1311.2595
1447,9,3045.0234
1140,9,1540.6074
360,9,1502.7285
1240,8,2136.2117
284,9,2067.8594
730,2,2965.7927
500,2,4568.3213
730,7,2693.5896
1122,1,3233.8228
1366,0,-194.34967
380,6,4170.6714
1003,0,262.5262
1355,3,1841.5096
13,4,1211.4845
12,6,1422.4994
1015,6,2465.8882
990,6,3160.294
1444,8,729.6109
219,3,764.7255
344,1,1249.5967
66,0,55.39735
190,7,3236.896
1008,8,1421.3341
638,1,2045.5914
643,5,2441.1455
851,7,2945.1921
633,7,3560.2346
811,9,2520.0237
70,3,617.6571
622,5,2847.8506
607,4,532.63184
1474,3,719.03424
120,8,672.9406
1151,1,2224.0789
110,0,332.6246
1006,3,1253.3224
1176,7,859.899
1417,3,1665.8533
1404,3,2944.7317
790,5,3451.7385
1127,6,3283.072
1370,5,5500.25
404,9,2174.6548
57,2,561.2073
1178,3,3873.0107
773,6,1935.6469
1016,2,3512.387
1286,4,-53.466038
97,2,5633.6934
872,9,1969.6001
621,5,4832.6504
768,7,2105.3708
980,6,1317.9982
437,1,1949.642
34,0,791.49506
1385,5,7344.065
836,7,2577.34
1523,6,2334.0312
697,1,4957.0483
1398,9,2767.3293
1045,4,626.8117
392,2,748.87177
1311,9,3091.1008
146,6,2053.9294
117,0,80.86023
839,3,1448.9144
1115,9,1467.483
885,9,599.687
1086,2,509.29706
986,6,1825.3687
160,5,5737.273
467,5,3939.6006
1096,3,1209.188
497,5,5350.7026
967,3,3366.1335
378,5,3430.001
1001,4,605.8071
332,4,497.9372
572,9,2708.1702
411,7,1030.216
277,7,1736.072
602,1,1692.7916
746,1,2476.185
1080,7,1267.3124
1118,2,4250.7505
817,5,3211.5017
959,8,1357.8037
317,9,1770.9092
1400,3,1317.4244
189,3,691.07385
1253,6,2165.2385
347,7,1533.7805
1554,4,577.3886
231,2,3272.5046
163,5,2192.9348
289,1,2910.2568
595,1,1209.3761
1427,9,3334.3586
532,2,766.9441
829,6,2336.6792
1317,0,-16.607784
556,8,3475.4146
1468,8,1540.7489
271,8,2461.852
1273,2,3572.7861
855,0,466.27554
1394,9,2055.754
380,5,8425.431
1135,9,1070.3859
316,5,2925.145
1140,1,1515.5404
1299,1,2377.7112
1013,3,2521.1187
486,8,671.4622
1400,8,1703.0679
296,5,2480.5923
490,1,3863.2632
1396,9,2196.6912
421,3,1830.5817
8,0,508.95
201,5,3673.9712
1266,5,3898.6677
362,8,2053.4565
841,5,4483.3706
469,9,1489.3638
1403,0,194.76758
365,1,2227.718
525,0,322.4842
629,6,5390.6963
237,5,5473.6997
1529,8,2546.6467
1399,5,2180.1228
1503,0,494.77704
818,2,1221.1001
459,0,259.13293
435,1,775.89197
1294,7,509.4463
245,6,2709.4326
23,5,1251.4442
940,5,3473.4133
843,5,4073.433
948,2,1203.9878
1044,5,1708.2887
1209,6,943.62646
214,1,1656.0135
115,3,1266.6156
5,8,3818.1384
535,8,791.66614
811,6,2110.7537
745,6,1965.1725
1031,5,3725.7725
1477,7,2611.064
695,0,274.55157
913,3,1839.5616
659,9,1489.7512
1035,9,2295.0525
1189,9,4134.0234
63,1,1814.9808
306,4,315.7857
1379,5,5067.875
1396,1,2235.9915
367,5,5373.2505
330,2,2932.985
791,2,752.9878
868,1,2847.5483
1095,5,600.6558
525,8,2120.4849
1322,6,3705.2146
322,1,1760.956
1304,7,1863.1525
74,9,605.1496
1200,7,2420.8564
1489,2,3653.9705
1241,7,5255.537
603,2,1520.8464
1238,2,3869.4478
831,6,810.68677
1419,9,1125.8141
1290,5,3123.9363
546,2,1483.3256
773,1,1528.9128
1034,6,3221.3555
297,6,3101.296
36,5,8021.8916
574,8,3022.3894
146,2,2003.2305
649,9,1364.9342
354,6,2644.6743
636,7,936.74146
1458,5,2721.8152
796,5,2905.9136
966,5,2859.7805
1001,9,3465.3062
1436,6,1792.0364
394,7,2172.8594
523,1,2931.1523
762,7,1934.5715
528,7,3208.1553
1292,2,4447.4966
1555,8,1730.0173
564,4,199.24652
1010,1,2040.3555
262,8,1258.1716
1471,2,1439.7211
1410,2,2059.795
227,6,1319.3601
395,1,3435.7073
841,6,2687.1338
1491,3,2416.048
1145,5,4324.536
877,8,2210.391
1553,5,4310.119
218,0,327.6547
740,1,710.48615
747,8,499.75635
889,3,4855.858
861,8,3831.8125
91,8,2295.611
1006,5,2971.5662
335,6,1101.319
1493,9,1841.8395
108,3,3910.2544
575,8,1227.7207
824,8,1270.9874
704,5,3599.2517
570,9,6551.191
199,7,1719.8339
941,5,4260.066
525,7,1964.7611
252,5,2904.4055
1452,7,2283.4521
736,0,605.1684
198,5,4177.389
1061,1,2376.357
1082,9,1945.5785
1355,4,323.95697
263,3,1207.7402
325,5,2753.0906
415,1,2963.678
384,6,1089.2814
882,5,2527.915
914,4,695.80676
164,2,5700.772
636,9,1441.8357
608,8,2521.6326
1258,9,2341.1445
1196,9,2211.8318
722,8,2613.7717
819,8,2300.3762
158,3,1969.4897
589,8,2391.6243
623,3,1546.868
1375,2,465.33215
111,0,-20.249292
1306,5,6204.111
417,9,511.59045
88,7,5112.608
559,6,5739.515
1294,4,54.012684
697,4,713.6979
558,8,1808.5896
951,5,1254.7671
301,3,1576.0515
157,9,5122.242
588,5,3231.9424
1392,9,850.11945
289,7,2115.5964
176,7,1211.8497
606,7,1209.578
1029,7,2341.3489
351,8,1485.9542
1378,0,813.7971
1359,7,2881.851
867,7,998.278
1267,6,1588.3804
884,5,1692.391
1073,6,1621.9305
596,6,2756.9421
905,3,1225.3096
261,8,4036.379
959,6,1372.6697
565,6,4196.796
1327,7,3186.674
1220,8,776.5022
360,5,2570.8704
693,1,851.94476
566,3,976.6899
742,9,4885.4297
1301,3,1591.8033
1442,1,2348.3242
1256,8,1336.962
67,6,1269.7485
379,7,385.56967
1349,7,865.283
640,5,2142.579
870,1,909.7682
98,2,3654.479
958,0,65.87913
1018,8,2822.2312
1326,2,1907.9738
1110,8,2734.1929
900,6,596.3858
672,2,3598.3306
173,7,1821.172
156,8,4962.249
604,8,1587.2312
537,7,1620.6149
1134,1,2923.9675
1556,7,4342.455
314,5,4288.8296
303,2,2730.523
908,1,3566.9275
1408,1,3299.2844
929,1,2715.5623
1481,5,2201.7192
1428,0,415.57095
392,3,413.911
1277,1,1118.086
446,2,1946.7667
5,5,5128.3813
183,3,1262.4442
212,7,973.60547
492,2,2719.038
1266,0,341.29156
444,1,1935.5446
1395,3,2073.2595
929,5,4847.499
202,3,1475.1133
1450,5,3161.8975
527,1,1475.8088
710,7,1771.4281
973,1,561.5159
374,2,2080.7534
1172,1,2063.009
101,3,-158.78192
935,5,2201.2754
979,3,402.20322
955,1,1695.0703
502,4,623.78265
866,3,2939.9436
313,6,460.93582
1208,2,4494.193
920,9,579.9112
1009,9,3325.0447
401,6,2841.5085
1500,7,3883.3982
56,8,2675.959
74,6,675.8375
662,6,2006.0148
606,3,1085.2739
1492,9,4219.244
1279,1,3233.9739
577,6,1981.8965
1170,4,284.9584
1450,8,2653.5684
382,1,4387.472
617,7,1861.8396
1069,7,1846.1426
373,7,1839.5831
1196,2,2622.7798
776,2,5272.5767
768,5,3176.555
529,2,1895.4174
255,9,1437.2501
86,5,2349.354
1528,2,857.5641
361,2,582.35675
764,3,1627.7555
92,3,3110.4036
915,2,1952.6587
1172,8,1845.0609
1130,9,2666.7393
1180,3,2665.1418
560,6,3170.5793
791,1,731.44763
1289,3,3016.3306
428,9,2504.4446
46,1,3256.867
71,9,783.00995
1471,6,1398.5958
192,4,336.86896
1237,5,3465.6638
848,2,3344.4336
19,5,5658.274
525,4,334.81854
188,0,306.66168
770,8,861.2385
1494,8,587.56445
550,2,1466.9904
457,3,1844.9463
1017,1,2532.7188
51,2,2057.804
423,5,2717.5662
833,0,754.7986
1263,8,1465.3335
51,7,2607.9294
912,3,3815.54
993,7,1007.4145
22,6,1309.4078
1084,8,4067.8774
1,7,2897.1497
379,9,439.84995
1156,1,1797.3813
914,3,2483.7732
255,8,1060.3829
1457,7,3262.0376
109,3,1538.349
1484,2,1336.1917
137,1,1917.064
57,5,1210.9255
274,5,6506.2427
911,8,2309.9475
1353,3,1277.5615
691,4,453.7246
1404,7,2385.481
271,9,2605.5967
786,7,1291.7828
1494,5,1069.488
1474,5,1014.50995
294,6,1005.68256
801,9,1487.0057
1224,5,3660.1006
29,4,255.03954
1407,4,384.66287
635,6,2932.8015
475,2,3512.211
794,1,2743.9177
174,0,904.68567
80,9,4449.733
1182,5,2838.096
1557,6,3574.669
1398,1,2750.2922
3,2,2290.2075
45,8,3842.1606
1320,9,2897.8694
366,3,1933.8435
221,1,1065.6578
847,1,4300.425
832,3,2653.825
1516,4,100.149574
1109,6,3727.4329
996,2,1665.4626
1166,9,1311.597
1169,6,1914.443
1111,7,3744.272
917,0,752.5881
428,1,2071.065
553,2,5097.593
1485,4,-207.9924
875,7,2591.815
1497,8,3160.431
523,3,2252.6611
1152,7,970.5072
932,3,488.02933
720,2,1923.0245
1531,9,2125.7637
1167,2,2036.4323
514,5,5173.886
107,3,310.27246
308,4,41.01716
1402,6,1559.0305
721,1,1242.2664
1400,0,203.2082
319,8,3167.5198
1346,5,5913.558
1229,1,2469.901
1113,1,3437.7693
163,1,1826.504
934,8,741.2843
768,1,2420.8293
309,5,3326.6711
1198,6,3631.6716
723,0,614.4531
292,5,5041.6724
131,5,1049.1107
917,6,3817.8662
248,0,183.19608
95,6,985.67206
212,8,1738.4952
594,8,3439.2126
1516,6,2267.25
1251,8,1439.7671
245,1,1981.2719
282,4,290.01074
1207,9,999.6901
300,1,2313.952
427,5,1434.4414
592,3,559.2811
663,5,2504.9915
512,5,743.31494
868,0,371.44827
1043,2,3640.8916
28,2,1598.9883
824,1,968.8553
766,0,1526.8019
1283,6,908.3132
779,1,827.81335
847,6,4903.8647
713,8,1582.0326
741,7,706.6753
1126,9,4925.7417
1490,9,3107.1855
833,4,527.5984
340,8,4515.372
1243,9,3769.676
1027,7,1442.1875
1551,6,1189.6417
1012,7,2695.0496
622,6,2246.777
1018,2,2659.3225
895,3,2036.9388
153,9,1581.6818
737,2,6150.3535
211,5,2709.5085
931,2,4122.5576
68,2,689.70825
1197,8,4312.6597
365,5,3738.9714
682,0,255.75797
783,1,2550.6704
1361,7,1861.6212
327,4,384.86392
194,6,4031.8357
436,7,1532.3665
1467,2,578.25226
992,3,1891.2943
314,9,3237.9666
715,3,2205.5176
439,0,206.78194
1124,3,232.97887
1244,2,1331.6157
991,0,424.89322
15,9,1904.6136
589,7,2484.6323
673,4,813.6633
76,5,2398.2734
1503,9,2820.0642
850,4,1263.527
879,3,2794.8604
968,5,4883.038
511,6,3209.0098
1550,7,3008.8274
711,9,943.9319
449,3,1147.273
914,2,2785.11
1272,5,1355.3309
387,8,2100.3025
1526,9,3285.7969
1455,7,2392.2512
573,3,4276.296
1525,0,320.53674
1470,2,655.1436
195,4,608.623
176,5,2527.5242
588,3,2817.313
225,8,3000.2495
692,6,4998.9736
105,4,457.12308
1127,0,1578.9294
388,8,2897.6162
925,1,3190.1519
195,1,2510.1318
797,3,2995.3635
295,7,3714.1692
1457,5,4749.857
1421,1,1046.6538
863,0,943.0872
1403,9,2394.5303
768,6,2116.4617
948,1,993.32733
1230,3,2154.226
537,1,1673.3708
1127,9,3728.575
772,6,3982.2058
1371,4,188.53041
171,3,1547.7467
1047,3,1924.1653
1424,5,4862.779
159,7,2910.2456
1262,6,3008.4521
1541,2,780.9494
797,6,3671.7654
1045,2,3393.0745
802,1,654.95105
298,3,2298.24
573,7,3246.564
1041,6,3008.9644
823,6,1553.4552
831,9,507.24554
14,0,457.78708
342,4,176.17857
771,9,1872.0537
354,8,2751.1985
1410,8,2040.7671
1453,3,1939.6638
1105,6,1712.2808
1054,6,2210.9097
1443,7,1051.8407
322,3,1562.4722
1500,5,5125.8623
931,0,769.85565
40,2,2254.8572
87,1,3235.2688
1538,1,1722.4307
26,1,4305.7646
1275,7,1886.3514
1008,6,1314.5293
417,6,534.90314
1074,3,3101.4895
1159,1,2848.7441
1441,7,1039.204
746,6,3623.401
582,7,1367.6152
1035,1,1923.9897
371,8,1578.2294
465,5,3785.613
228,9,895.88184
505,5,2466.8247
835,1,793.62604
270,3,1474.0946
202,5,2339.7056
343,9,750.61926
1392,6,1042.1824
1012,6,3359.8162
893,4,205.0857
1118,9,3336.0625
949,5,3974.3557
339,2,920.9902
1348,4,344.95117
115,8,1611.0106
152,8,1778.8126
153,1,2000.9872
1390,8,2486.0808
1489,6,3456.9048
1452,0,589.9928
1540,9,3818.9604
1211,6,6191.716
580,6,1674.07
1342,6,3349.6104
785,7,2553.2893
783,2,2501.3994
758,8,790.0006
553,5,6129.1465
719,7,2375.6716
1374,4,383.19888
1173,3,2348.8613
1524,9,6084.6577
1293,5,727.6143
355,3,1705.538
851,1,3411.6187
990,9,2647.1592
434,2,5416.751
415,7,3696.908
406,9,863.32666
257,6,4051.9756
742,3,4919.5806
562,0,-454.99362
1003,6,2231.8394
777,5,1117.0792
1134,3,2472.2136
223,2,971.20056
1339,5,5274.213
36,8,5247.116
288,5,5898.765
1403,2,2064.8623
1341,1,1635.4037
1490,2,2891.943
182,5,3633.8362
1213,5,7015.4966
708,7,3880.568
684,7,1581.1003
453,6,3373.3584
547,7,3932.8691
701,1,1290.767
1075,7,1075.2361
1005,5,3780.2898
1461,0,396.47415
575,5,2875.7336
657,9,1921.2751
963,7,3295.9006
514,3,3400.3647
120,2,989.5809
1418,8,509.8742
726,0,101.61294
576,2,3122.365
1176,6,815.7737
979,6,806.0017
788,8,4172.6274
40,7,2259.5232
31,4,202.25212
577,3,1972.2129
297,0,755.92816
847,5,7073.353
970,7,2177.962
339,4,327.94885
1299,6,3616.3018
539,6,1653.1553
1507,8,2882.749
302,6,4054.3857
1501,4,437.7304
518,8,2110.6685
1525,3,2475.91
613,6,532.6673
899,6,2034.3254
98,7,2490.4448
741,0,174.1411
109,0,518.2036
373,0,308.38043
196,7,1734.9636
647,8,1448.6266
128,3,532.2911
41,1,3045.4197
64,6,3380.7354
437,5,2782.8262
166,4,327.64548
1097,3,1121.9242
357,8,1521.1235
117,8,575.7149
1321,8,1960.167
434,0,1362.3015
847,4,1450.9708
1368,9,3956.739
1303,3,343.77866
939,9,3171.366
816,7,2256.3464
181,6,2757.607
54,5,2634.0466
320,3,1683.6526
681,8,1742.3323
1139,5,2558.662
959,7,1175.4623
993,1,736.8668
517,5,1409.1875
289,4,830.3426
946,9,500.76126
40,5,3221.5496
686,0,147.60612
250,5,5759.6523
1129,7,2246.48
927,1,2843.9622
970,2,2351.1682
991,4,-269.2276
1115,5,2272.917
1429,8,2266.3977
589,6,2624.6396
495,9,3064.669
810,9,1705.8927
84,1,1891.9053
473,1,4235.2524
249,9,1550.3063
392,6,838.66077
873,0,154.75012
348,7,1863.6389
1442,4,591.76245
1473,1,1599.7106
165,1,2678.3582
177,6,3092.5015
183,7,1380.3788
1313,3,3403.33
128,5,996.2966
370,5,4942.0645
786,3,1450.7198
1488,2,4320.9307
1539,1,280.35162
855,8,5508.471
577,9,2170.7842
382,0,763.655
1033,8,2385.2927
311,8,835.05884
376,8,1665.8113
174,8,4243.3354
863,7,3252.7441
1415,2,1954.2993
277,5,2125.9766
225,7,2951.7817
64,1,3085.835
1072,8,1802.6196
379,5,998.5204
1191,2,2823.8447
414,9,1365.5735
422,4,607.2626
1316,6,3062.1584
604,4,-385.33606
1341,6,1900.7117
95,9,1040.4017
902,6,4512.9775
26,3,5124.267
1198,1,4068.217
1191,3,2529.0818
846,5,3865.679
1448,9,1072.8596
1252,3,1479.8604
1013,9,2590.3123
1201,1,3059.793
76,3,1346.3317
192,5,6757.072
1203,7,3430.3826
641,7,2430.8235
1195,6,1281.5315
1404,6,4018.0935
535,0,-4.9632
121,1,2216.0044
1362,9,5202.778
1165,2,457.8045
472,1,2914.1838
48,0,147.8938
626,2,1893.2115
746,7,3902.7043
343,6,998.7227
320,6,2104.4204
625,5,2902.7026
257,5,4725.536
1351,3,1949.7316
1311,3,2047.0979
1114,3,1459.1101
430,7,4093.7847
1041,2,2795.7913
857,1,2902.1797
652,4,219.63086
1314,3,3596.9836
1412,5,2920.921
818,9,1284.5288
361,8,606.82495
1479,2,4297.734
952,8,1597.0167
480,2,4033.9622
934,2,923.34576
1322,5,4782.0635
56,7,2865.3086
234,2,3156.3293
803,2,3834.6592
770,6,778.8192
1102,6,3233.308
521,0,154.29338
1001,3,2823.9639
1093,7,1324.489
1537,5,2296.2441
687,0,1017.0293
40,9,2830.1875
713,2,2408.9927
1246,0,59.76334
1356,2,664.0143
967,6,4166.32
926,6,3808.0312
1393,3,965.174
744,2,2732.467
1474,9,550.7726
659,8,1340.7172
419,2,1005.61383
781,8,3274.9346
67,9,1161.1245
960,1,4313.841
649,7,1389.3899
1433,0,604.2439
1513,6,4238.8496
1314,1,4731.2036
725,6,1385.9431
965,1,3140.9688
1150,5,1087.623
349,2,3684.5947
1159,2,3817.4954
1298,3,1182.8987
550,1,1858.2804
586,7,1271.9988
570,2,4475.0435
74,0,240.7613
816,8,2196.1318
1214,2,1363.1556
695,3,3121.6812
1328,6,1734.2805
622,2,2559.1274
1409,5,2572.9775
1486,1,1361.7723
278,4,343.6297
338,1,4414.762
998,7,4058.8223
213,8,3378.461
1357,2,1190.0863
1236,6,721.134
494,1,1473.4778
406,1,869.08136
959,2,1658.6459
368,3,2104.0771
1058,6,1703.6624
918,9,537.2899
15,2,2603.1348
372,9,2100.2583
1060,6,2703.4585
1165,9,570.0161
1037,6,4929.5894
1085,5,1082.936
352,3,1313.2383
158,2,2156.0825
444,8,1867.5325
1431,1,1282.2584
1126,2,4410.9805
367,1,3258.359
876,7,4553.3184
860,6,2607.2766
957,0,474.4023
273,1,2825.0796
830,5,2812.4087
819,6,2224.3545
676,9,5245.761
1381,1,2778.6853
699,5,4344.6714
333,3,2292.515
167,0,377.10278
1128,6,1119.7274
170,7,2955.3123
372,1,2214.3604
341,7,2949.5024
79,8,1922.0599
819,5,3047.76
592,5,1028.2827
9,5,7606.9004
267,8,5006.915
354,7,2427.6465
928,7,2024.8113
1557,8,3023.2512
334,3,4487.365
834,6,3017.4976
1322,4,450.86984
1221,8,1319.7477
1352,3,2234.619
393,8,1997.5333
1422,6,1629.537
1086,3,406.4403
1536,3,2354.1025
1272,6,1104.5592
497,4,293.52603
421,8,2146.0964
629,0,818.38086
1075,0,328.6159
1122,6,2886.1328
1366,6,686.4548
560,3,2495.1306
1271,6,3217.6057
77,6,3238.9177
1388,9,3748.9216
31,3,1457.897
286,2,3082.6414
197,8,2195.9653
130,6,2943.9763
760,3,622.18427
1269,2,3176.1829
929,2,3424.9692
1451,3,538.1957
364,6,1490.227
630,3,4386.339
1162,6,4476.3467
362,2,2749.9797
942,7,2899.0935
647,3,848.93933
1475,3,2315.111
480,9,3949.518
1133,2,1449.4796
844,6,2749.262
1168,1,4687.7246
1268,7,3353.8052
1531,8,3730.9395
624,7,3167.2285
502,5,3346.1238
1504,9,3572.9434
273,5,3831.597
558,3,1829.6434
1367,2,3073.1868
229,4,183.56573
56,5,4829.493
1225,9,933.1852
232,4,846.2346
852,8,1355.8329
1425,4,95.32618
1411,7,1953.4825
797,4,217.15173
699,3,2260.1404
571,1,1099.7291
971,3,1840.3982
1082,8,2935.0972
1026,0,376.7766
445,1,2442.2375
1065,9,3116.1313
577,7,1780.949
590,5,1630.6069
1455,8,2497.3557
516,3,2198.846
1136,9,1287.4731
955,8,1835.7144
924,9,1260.2627
1244,3,1037.7656
1101,5,6664.3184
132,2,2025.084
515,7,1217.4938
168,1,3092.9048
528,4,419.04843
816,2,2656.616
1460,4,456.01154
426,9,1156.6594
10,5,2828.8486
1061,6,2307.0186
811,7,2707.5645
335,0,106.9735
822,1,4423.1357
306,9,1386.4619
676,0,387.84183
962,8,733.45544
956,7,2826.7927
969,9,3415.1116
273,0,482.44836
1433,5,2942.357
796,2,2326.5713
822,8,2294.6086
69,0,125.87335
406,7,764.40643
1360,1,1455.6669
839,8,1465.1146
1116,6,2634.08
511,1,2973.5583
120,3,522.6927
430,0,793.0705
1089,2,2525.6108
1128,3,809.712
248,1,806.10297
1482,3,3241.9717
539,8,1362.6
204,4,166.0039
598,5,5130.7725
1067,3,1794.175
581,8,1907.4032
1134,9,3928.969
519,6,3146.634
844,7,2268.4043
405,6,3018.4238
885,5,925.0335
546,6,1520.7064
327,3,2404.8447
1414,2,1336.6807
958,8,1581.6677
1536,9,2925.1748
514,6,4111.9336
1267,5,3094.1948
748,4,15.232555
1126,1,3892.2842
678,3,2148.5632
1056,6,1309.193
1548,1,2852.402
590,0,135.10883
855,3,4386.9927
536,8,1922.069
50,2,1102.7411
769,1,3084.872
1014,2,3221.8901
580,7,1708.6348
409,1,4840.526
158,6,2176.1375
1104,5,1580.2299
1301,9,1608.2753
60,1,1026.8003
1323,9,818.09094
510,8,1542.9119
321,8,2601.082
770,4,159.62242
953,7,703.3645
367,3,2798.554
1152,8,1223.7313
635,5,5212.8735
492,9,2668.4873
872,7,1419.8745
300,7,2181.7031
1075,8,982.03784
678,9,2151.9224
1456,9,1883.2423
1465,2,3772.3113
1486,7,1532.8936
73,0,212.9014
241,5,2663.1206
922,0,638.4772
240,6,4066.8406
932,2,579.51227
896,6,1325.3734
1164,3,2800.038
1114,8,1638.4823
22,8,1294.8817
450,4,395.0953
889,6,6175.1587
798,8,1470.075
739,3,3125.236
316,2,1342.0618
637,7,3593.4163
1228,9,4363.819
1482,0,-766.00684
1393,4,148.97266
739,9,2835.7556
1290,2,1961.1377
123,8,2201.563
1420,5,5196.09
570,1,3489.9365
820,8,3693.934
1264,7,1126.7844
1447,2,3309.1777
829,0,-12.531727
775,1,3098.9434
625,8,1548.0547
788,2,2813.9888
576,4,535.65485
1530,0,-113.4034
728,5,2714.0942
1003,7,2120.2903
479,4,175.26202
599,8,2107.7974
149,8,2652.6238
155,7,2207.7747
1054,5,3573.5928
1424,6,2684.9539
1445,8,1658.5618
1215,3,1519.3005
676,2,3743.4497
700,8,1130.3408
966,1,1728.1217
187,6,4048.8958
318,0,214.35098
97,9,2823.2434
1044,6,1273.5852
883,5,4294.017
357,5,2670.758
1100,2,2425.1765
1281,8,3080.3352
865,2,1295.5714
101,6,592.8347
1298,2,1651.235
325,2,1644.5632
253,3,1462.7634
980,3,1237.1924
1297,6,1017.7329
983,8,602.7229
1065,5,4950.672
969,7,3406.5933
256,0,747.91833
1474,6,412.29575
76,6,1067.1803
1398,6,1997.9095
908,6,4502.542
761,8,690.30475
814,1,1773.3218
1046,4,505.24838
471,5,2260.83
903,5,3033.0964
175,7,462.19006
259,0,267.29956
542,5,4191.932
141,8,1960.8888
1353,8,1945.2649
1546,3,1912.0828
125,9,3669.5823
831,7,640.15906
350,9,104.80057
943,2,2546.4548
825,1,1514.4116
340,0,676.4542
593,4,140.68025
854,1,1993.1334
503,4,309.38983
348,0,-273.68585
1039,0,620.65704
1024,9,1064.3344
262,7,1274.2953
1535,1,2797.204
1459,5,2128.845
1026,5,3218.5159
351,2,1516.7396
404,5,4159.019
1030,5,908.25305
488,2,2701.556
524,9,1095.0956
677,3,1743.1636
1193,2,3826.5474
244,6,657.6846
187,2,3877.2903
1255,0,606.5762
53,9,2629.7573
732,1,1453.4703
1331,2,2115.4885
625,7,1491.5115
1427,5,5516.9517
1525,1,2665.7988
648,5,3740.9824
1323,6,619.9462
923,8,2260.6748
1394,6,1993.8118
1076,3,1358.2849
742,4,1064.6105
563,7,625.5579
1234,6,3925.8787
1520,9,3362.504
1116,8,2985.1165
15,1,2207.0415
1491,6,3494.3494
1406,3,2610.0918
265,1,2348.8364
98,4,749.8501
1314,7,2958.7078
329,0,197.27344
57,1,842.75916
1100,9,1953.4215
1434,8,2634.474
331,9,868.7865
787,8,2016.941
889,7,4769.2285
1225,0,26.164505
879,9,1993.4073
242,7,1461.9869
1180,9,4149.8228
518,6,1998.5375
1051,6,404.19516
1239,5,2497.7695
838,8,2848.0398
668,6,622.9319
338,5,5929.747
991,1,3106.7283
1093,3,1534.6826
988,8,1537.4889
328,5,4914.412
1519,6,3001.447
206,3,2524.1182
728,8,1759.3881
158,5,3605.071
84,7,698.96655
463,3,751.5022
1255,6,4036.0183
1416,6,2540.6445
230,1,3451.66
52,2,1930.7394
103,5,3988.739
819,2,2271.5598
946,2,394.81223
56,3,3030.1038
92,8,2570.085
396,6,2060.4182
1364,3,2278.7642
1010,2,2575.3281
1071,3,1204.1583
1392,7,559.41675
161,7,3868.1907
1270,3,3045.1929
379,6,358.46426
463,8,871.00903
1213,4,755.86676
1228,7,4531.7363
1393,2,941.3981
161,3,2198.3
1361,6,2508.0479
490,5,6613.863
426,8,1112.683
895,8,1632.8639
8,6,957.7433
777,6,575.7339
545,6,708.1849
959,9,1264.5903
1038,2,3366.723
871,9,2374.8638
1101,3,3815.868
797,0,286.4601
1364,2,2016.0181
886,3,2315.3076
1243,4,643.5184
353,3,858.4886
1074,5,5362.3647
1408,7,2157.255
1456,7,1496.0516
1072,2,2127.8154
1001,6,3130.1711
846,0,358.04984
632,0,197.39929
1549,8,1393.0717
1515,6,1936.4509
1025,3,3674.308
1539,6,701.59576
1052,3,2503.742
1092,9,949.9937
1502,5,2901.329
1291,6,4415.8247
1081,1,1787.7983
672,6,3577.3152
499,7,592.34766
887,2,1375.3206
385,9,1126.761
55,2,1781.9454
401,3,2542.5635
1544,9,3383.8225
710,3,1416.0039
20,6,2129.6416
489,9,1525.206
673,8,3249.8616
833,7,5071.436
372,8,2139.9075
1413,3,427.9324
328,7,3178.9568
180,8,3475.809
990,7,2330.9456
810,7,1526.227
1046,1,1794.3644
831,3,543.5956
748,2,4957.3105
770,1,941.1753
571,0,148.5964
858,8,2047.4933
1543,9,1503.3402
631,3,778.8912
89,1,1875.179
1248,7,4685.1255
1019,6,2259.5962
1125,5,4116.515
1270,5,6413.598
341,2,3044.9705
486,3,589.05334
673,1,3999.6785
1417,2,2456.8752
225,5,5476.4155
1019,2,2026.7834
1414,7,1089.3859
1518,0,266.15836
1021,1,1628.5477
735,9,3547.859
571,3,1620.09
627,4,215.10588
1181,5,3087.0186
570,8,4789.26
1175,7,921.876
435,8,739.94763
694,5,3458.5037
978,1,3976.51
291,5,3479.35
634,2,2986.276
580,5,2794.526
1266,6,2866.3142
341,4,711.68054
1325,9,3280.0093
13,1,5631.2603
165,6,3360.2346
1100,7,2147.212
79,1,1679.9797
684,8,1607.6421
829,8,2550.734
944,5,3356.7202
1075,6,1115.4465
1430,5,5247.486
1241,2,5035.243
1003,2,2217.8284
1300,6,1066.1311
1137,7,2814.3987
1470,8,695.23816
1151,4,620.73126
193,0,154.40244
859,5,1300.8171
899,3,1825.1804
1114,7,853.878
406,4,72.241806
411,2,891.0046
1517,5,6118.3174
96,6,2763.8716
1021,6,1764.881
1110,3,2601.0896
929,7,3179.3765
278,3,2172.651
628,6,1143.7905
1313,8,3275.1467
232,3,3165.6992
777,1,632.00214
809,4,167.97128
1178,4,513.7996
108,2,3664.0842
708,2,4098.229
615,8,4465.716
1369,3,1921.7997
570,5,6178.6206
1281,0,356.31732
26,5,8320.838
266,3,3180.4663
792,7,1590.4907
1148,9,666.89185
430,3,3132.183
1111,2,3638.1633
761,1,699.1748
204,3,1054.814
1033,2,2667.935
1217,1,911.34607
744,5,3901.5283
174,6,2179.308
444,7,1576.8519
122,7,3749.6677
698,5,1922.1473
928,9,2239.0234
1094,0,629.94006
395,5,4546.2744
1115,3,1096.204
846,3,1620.7433
755,1,1920.318
587,5,5701.6567
291,1,2503.8103
1050,5,2396.7756
1303,8,132.08533
789,0,16.280603
294,7,964.2791
261,7,4737.3066
1468,9,1521.817
136,3,1527.2672
381,9,4487.0293
844,3,2765.3062
1460,2,3155.152
760,8,631.12195
1508,5,5142.07
406,3,657.0607
112,1,2986.4343
259,8,1783.9084
1432,1,2478.1025
1496,2,1721.1863
1139,6,1711.0989
1050,3,1066.376
953,5,1553.4795
905,4,397.56342
855,6,6197.606
192,7,4715.206
724,6,828.82855
1016,5,4308.0586
208,3,398.2968
224,2,3564.222
803,4,659.7992
655,2,4365.313
1534,7,3919.9277
560,4,605.7363
126,1,2524.7883
1421,8,1194.7528
734,1,993.9635
1433,9,2054.8745
317,1,664.79584
781,2,3465.3633
1103,6,3439.5945
1370,9,4729.5293
991,3,2887.9856
1455,4,252.19928
653,2,2797.7432
1229,9,3122.2844
59,2,1909.2463
336,7,408.0314
714,9,2515.3267
620,4,60.26073
1234,9,3303.5105
972,9,1456.0876
1524,7,2789.6345
1393,1,1018.38983
885,6,596.7697
1335,2,3235.8591
251,1,3506.1506
1203,1,3046.1409
1500,8,3803.4116
1163,7,1458.247
1146,5,4623.4233
590,7,679.52484
930,0,1819.1024
663,3,1273.8501
237,8,2752.1711
49,1,3642.2307
890,5,4992.6245
756,0,479.4551
527,3,845.84906
1474,1,264.6696
1028,2,1513.5161
1446,6,3470.218
227,5,2132.4482
1288,5,4327.116
162,3,1411.9867
1080,2,1424.0696
813,0,1084.0054
233,9,2085.5906
1443,9,1248.9011
1389,7,7586.642
708,1,3138.4338
1403,8,2018.9235
1387,8,3711.326
604,0,1357.9816
389,3,2721.9958
1461,6,2418.9624
392,1,1322.4163
1219,6,1043.3578
333,4,413.88467
916,2,2235.2427
1064,2,4438.3413
620,7,796.73596
321,6,2647.8857
1281,9,3800.3523
975,0,660.02563
370,4,773.6903
332,1,2074.1287
99,8,1535.8602
1464,6,4500.4775
1384,1,457.2977
837,1,1749.2507
432,6,1371.6252
68,7,854.5231
1199,9,705.2187
1343,6,2265.0283
1286,1,3027.6982
1189,5,6150.564
223,5,2918.448
1382,3,1833.0085
623,2,2436.5427
444,5,3080.602
1557,2,2957.399
1344,1,3679.877
438,5,3269.2998
849,5,1017.5103
1067,7,2036.9882
543,5,2694.7024
507,3,1616.1808
1011,1,5391.7046
1512,5,2400.1218
438,3,1743.3688
1244,7,1315.3453
1157,9,4422.5146
1301,8,955.89105
1220,1,616.6882
567,6,2250.148
845,3,3430.4436
949,1,2884.9612
1518,2,1870.9225
379,3,-274.80994
1066,8,3314.3733
457,5,4104.8354
884,8,960.31476
1384,7,657.3532
645,2,1437.5709
989,7,782.83014
1362,2,4878.3623
63,3,1750.3761
1268,4,520.28015
857,7,2533.8198
1380,5,3038.9878
50,9,1743.7528
399,8,826.2963
1509,9,2016.936
1335,4,1551.6384
1028,3,1249.3431
92,6,3014.8657
90,8,3361.78
1218,2,4860.9224
486,0,-253.38733
515,3,1411.6586
992,2,1919.374
308,5,3116.1821
44,6,4697.53
630,8,3689.3318
1024,3,35.10873
468,3,2953.175
1155,0,-374.46964
931,4,428.18283
697,7,4869.738
445,5,4151.137
580,3,1427.6205
191,9,2922.1357
177,8,2786.638
424,7,588.1412
9,1,2461.7383
1196,3,1610.8032
1502,7,2299.0437
973,6,1367.7065
94,5,1497.7893
28,3,2167.9612
118,2,2239.8567
102,8,1525.0864
250,4,297.5655
419,1,1088.8585
1070,6,1828.3842
547,9,4618.6084
1417,6,2254.2417
395,9,2919.4407
450,0,392.82324
85,2,2779.9348
30,1,1765.2838
1175,6,1109.3193
731,9,621.2722
789,3,549.215
729,5,3754.0586
928,4,499.733
189,9,721.822
131,2,792.5399
508,8,755.48114
1140,2,1459.6083
31,7,1952.2925
826,8,3175.152
207,6,4619.655
694,7,2526.419
792,9,1598.4666
1070,1,1870.8262
105,0,1089.9039
1378,5,3398.7266
1183,6,4038.2214
528,5,4437.9033
173,4,400.14944
1051,1,397.4593
602,8,1772.5396
313,7,420.3689
1229,0,729.228
1033,7,2441.5618
1387,3,3788.5457
85,5,4114.145
51,9,2758.438
405,1,2787.815
1069,3,1558.721
1351,8,2574.3535
14,4,343.71396
444,2,1678.592
1032,7,3206.4937
1505,5,5224.9795
681,5,2431.8496
572,7,2347.186
1264,5,3592.2603
64,3,2971.1887
922,3,2146.618
621,3,3844.2017
1220,6,842.6552
885,2,502.80356
1045,5,3594.635
487,0,6.2284403
1114,5,2533.6636
960,7,3939.9048
1193,8,2190.9824
827,8,2153.3691
577,2,2089.0957
821,5,3216.821
1157,8,4578.6226
789,8,544.74176
106,7,4448.4663
1520,8,2877.5786
844,2,2709.2825
1311,1,2442.409
138,5,2040.4781
658,9,3555.7014
828,8,2514.1462
729,1,2948.282
1532,2,4175.172
194,3,3695.3303
779,3,710.3063
1330,6,1805.8632
539,1,1428.8154
154,0,43.52107
728,2,1771.9052
217,3,4092.1106
1217,3,863.1114
793,8,4384.491
628,1,954.19476
995,9,1881.7104
945,6,3093.9387
1534,9,3505.893
395,2,2930.3218
476,6,1483.4597
339,6,1121.0107
1440,5,2801.215
1547,7,2104.847
767,2,748.3539
777,2,497.69434
641,6,2648.116
730,4,219.08868
273,2,2833.5188
1465,8,3485.788
1024,5,1704.6702
1366,8,599.5944
1323,5,983.07825
1043,1,4065.1985
1336,4,180.65958
173,5,3208.2788
459,3,1483.402
888,6,1950.8615
432,5,2504.3445
1160,8,3058.0334
1300,2,632.7335
1105,2,2554.1108
595,5,2525.6765
1353,0,196.10773
1173,1,2856.6318
900,8,362.05222
456,2,3154.924
416,6,1164.8079
969,5,5474.2705
1032,8,3196.7334
4,7,1901.7229
1458,1,1319.5885
1333,1,2819.1018
1008,3,1801.1498
1432,4,446.7979
1073,3,776.4075
432,1,1423.4492
249,7,1165.2643
592,9,878.72406
645,0,128.90613
934,4,271.13806
210,6,3280.205
476,3,1431.3884
166,7,1970.8142
393,1,1887.005
644,5,3241.444
815,2,1495.1697
856,9,2461.3982
917,1,3534.1697
287,5,2045.6278
1504,0,-227.56024
642,0,262.6589
503,6,1699.2094
1483,1,1988.917
972,2,1676.2944
1159,5,5711.767
177,7,2610.6646
1165,0,74.22162
259,3,1248.2577
772,1,3058.5286
1546,6,1960.1364
369,3,3891.027
974,5,1092.8618
118,3,1718.5282
190,3,2716.8555
520,9,2834.7405
572,8,2534.3386
717,6,1296.4868
49,6,4171.0127
1556,4,189.15875
299,9,2095.3628
595,7,1174.7684
517,1,921.34357
112,9,2766.7412
500,8,4739.1904
1277,7,1219.8043
83,6,873.3541
155,5,3551.8916
240,3,3712.1062
903,8,1871.025
482,9,653.45966
98,6,2703.3044
33,5,5192.245
961,3,2016.5032
1329,5,3414.4229
167,9,3272.818
1526,8,2319.0896
387,2,2641.6682
576,9,3577.608
1124,6,353.81003
1365,5,3982.887
1254,2,3522.0608
846,1,1458.6593
720,3,1261.3993
159,8,3348.5288
1382,7,1857.5118
471,4,183.7681
783,3,1967.5114
460,2,1202.2999
452,3,2901.578
374,8,2224.6382
417,3,397.57654
1306,2,4679.113
746,0,493.21747
1207,1,1194.1217
216,9,1365.7408
1553,9,2823.7556
982,3,1699.277
728,1,1430.0486
1091,9,2315.937
76,1,979.5836
1278,2,3010.6821
567,5,3342.221
1101,7,3603.218
1380,2,2324.5632
522,8,1438.0024
265,8,2337.764
1199,6,602.7005
1399,6,1328.7552
1367,4,577.2856
759,9,2233.4
165,5,5842.611
1534,6,3256.4443
826,2,3351.0479
397,5,4243.378
1504,1,2445.685
202,2,1657.2898
628,2,1102.5754
268,1,1173.4874
1316,8,2888.2158
1004,3,1270.6403
456,3,2879.2048
1416,0,314.73135
1007,8,1496.455
204,5,2244.0154
423,4,200.55
1082,7,1379.6368
1436,9,2029.5693
1156,8,2288.168
1006,8,1916.9644
858,4,408.0255
558,1,2480.7395
945,1,2384.3274
660,9,1641.9082
1309,4,196.66406
592,2,653.9009
1062,2,1939.9
833,2,4243.61
1445,9,1745.2711
522,1,1781.654
149,2,2354.9326
575,9,1321.9795
637,9,5071.46
1203,8,3288.611
300,8,2377.9863
199,5,2542.714
373,4,406.63272
1305,4,-309.0645
1108,5,3481.0347
1522,2,4401.551
1354,4,76.71516
144,0,615.8549
872,6,2094.33
1519,0,740.6653
1232,3,1097.2673
543,8,1886.6803
1250,5,6805.2686
595,8,1296.7114
873,7,1859.1162
1556,5,6739.757
1163,6,1678.5857
369,8,4230.9194
539,3,1715.398
1124,1,317.58163
61,6,2566.6511
133,8,2125.1738
1545,3,463.24942
671,7,1787.0651
338,7,3220.064
827,7,2541.8096
255,2,1408.504
53,8,3566.0825
773,9,1347.1943
1497,0,256.5471
615,5,5641.4956
673,0,-36.11745
547,3,3456.6978
186,0,673.6022
274,9,2872.1953
474,6,4086.5566
1275,8,1975.1667
751,6,1523.5828
762,5,3560.706
589,1,2569.2268
1021,8,1811.5437
870,2,1241.5284
349,9,3511.5737
786,2,1416.4304
800,0,695.9519
934,1,872.14655
136,6,2385.069
530,9,5325.9346
796,6,2286.5378
252,2,1657.0176
1321,5,3163.362
1475,6,3000.6082
342,3,2143.5435
683,5,948.90063
52,6,1797.5454
1267,9,1390.1708
639,3,2820.882
1092,2,1291.71
1456,0,145.91109
1128,5,1774.2822
307,2,1887.8961
490,4,925.4682
1354,6,1440.1483
229,6,3388.8306
1061,3,2125.0017
274,8,3045.1526
211,8,1493.576
1433,6,1634.369
419,7,1013.94995
526,7,2099.0615
455,9,1031.0559
1295,5,3648.516
221,2,872.05725
460,3,1268.9634
108,6,3974.1316
633,4,600.2781
1530,7,2785.1821
1478,2,2103.0325
899,7,1725.2273
267,5,5191.9014
404,1,2732.888
115,2,1735.8214
1192,1,3712.475
1335,7,2888.4783
1155,6,2229.541
1274,7,3047.868
758,9,895.2095
1102,3,2817.7231
1505,3,2810.5786
1480,8,1883.4019
307,6,2140.4058
346,2,3518.172
474,2,3966.0457
1362,0,640.23584
1268,3,3480.6633
1415,5,3316.561
1193,6,2955.2795
1332,6,2363.0737
128,8,649.21106
1280,9,1699.4946
355,7,2001.3927
94,1,785.44385
905,0,326.6219
1183,9,4058.9268
1350,1,1321.3412
707,2,2793.3984
1200,6,2921.962
378,3,1336.0317
1443,4,159.82413
671,5,2620.478
535,3,576.19714
785,5,3822.4675
259,6,1710.1736
657,8,1609.0178
280,6,2261.0234
1094,3,2932.7593
734,2,1036.6829
1325,2,2905.3674
1408,3,2425.8696
517,7,652.7106
1400,7,1439.2
1317,8,807.1757
1183,3,3267.615
1181,6,1985.4277
1023,7,2495.0579
166,1,2382.004
260,3,1397.0286
598,7,4291.2207
1339,9,2872.0928
1418,7,464.70883
1519,2,2955.1858
1430,3,2216.7253
920,4,265.14844
209,3,3036.0957
1365,1,2679.7317
1272,1,762.8587
213,3,2466.5564
997,2,1549.104
830,6,1742.4553
346,9,3062.2642
1047,2,3153.4773
1152,4,222.28154
1376,2,3946.761
523,7,2642.1667
1161,9,2505.9636
1366,3,777.255
463,6,892.2731
661,5,2877.272
568,3,2114.0396
980,8,1382.8792
1220,2,879.5381
1406,5,3362.3872
431,0,144.68
1522,7,3044.8047
466,1,2371.6423
1045,7,3114.451
1503,1,2638.7612
1437,8,1014.1133
679,1,2855.6023
1119,3,512.8696
828,0,480.26703
172,8,3394.8467
772,5,5457.3613
449,7,1336.7886
452,6,3304.6677
878,6,3861.793
917,3,3426.279
1173,9,2790.0383
1043,5,5999.7773
1523,0,589.99066
1409,7,1453.7236
1117,8,1463.2858
581,9,2428.2278
120,9,859.0137
122,5,5462.2817
177,9,4061.281
1259,0,844.1487
496,3,1188.7909
227,1,1180.9193
979,4,228.77402
1356,4,252.05867
309,1,2082.196
1526,6,4297.1147
594,2,3486.5696
1278,1,2453.6558
556,1,3225.8
1090,9,2718.5613
308,2,4095.213
551,4,337.4366
1097,8,1251.3895
182,6,3769.9043
155,2,2390.6072
1029,1,1616.5077
666,9,2660.5352
1303,7,511.71536
1200,1,2686.9114
1499,2,1487.9415
362,6,2644.205
851,3,3399.5103
417,1,839.7641
1237,4,181.18561
318,7,1539.4833
1016,9,3460.6804
630,1,2783.4734
1060,4,229.21918
1520,1,3018.803
1146,6,3445.0635
945,5,4392.8013
1380,0,547.3073
1299,8,2220.8606
352,4,546.9096
1114,4,400.3684
46,8,2558.1902
1113,6,3496.1777
67,2,1260.39
943,1,2284.7002
110,5,5197.853
1184,0,339.14072
258,4,178.471
692,1,5077.887
371,7,1684.9424
390,3,2948.561
294,1,933.81696
425,5,3209.2695
709,4,235.73651
1322,3,3012.8857
248,5,1597.677
974,8,741.31415
1,3,2645.854
146,0,-69.67403
399,2,460.8909
1099,0,1410.7277
734,4,29.82306
1404,1,3499.7866
422,7,5733.402
1505,2,2646.652
1371,2,906.8876
1251,7,1415.9658
977,5,3112.0632
1317,7,655.22516
1361,1,2530.7585
1352,7,2445.0796
871,5,2722.4397
1140,0,-207.17911
221,5,1615.4156
425,8,1961.9412
589,0,274.89853
779,9,1161.8962
132,1,1533.2848
498,1,5276.1445
402,5,6161.976
1042,1,1216.0786
383,0,517.8585
545,3,709.4724
1270,1,2880.88
311,2,656.00305
1557,7,2892.3608
732,5,3482.8225
1186,9,3298.141
203,3,2715.372
1518,3,1347.4236
524,2,943.4684
173,9,2207.3726
415,6,2950.6223
1389,3,5158.0425
420,8,3207.3274
448,1,578.32367
1306,9,4151.306
454,7,1436.2284
863,1,3309.5852
440,5,2489.7332
302,9,4049.7083
221,9,808.6468
1476,8,3736.6133
1154,2,634.1468
1040,9,887.7237
150,3,1792.2681
458,2,630.83435
1484,0,-259.45203
303,0,93.28105
129,6,2079.254
1361,3,2489.3494
1413,1,510.24753
1287,7,2418.0186
863,6,3373.499
1248,9,4420.764
524,0,235.97578
65,2,1071.04
1558,6,4230.592
333,2,2581.3828
870,7,1204.5902
144,4,560.90845
723,5,5273.518
1099,9,2481.7043
1363,9,1433.4607
1370,2,3575.979
939,3,2845.5981
873,4,241.06982
1356,9,1005.96497
275,7,587.23126
33,1,3309.5933
1068,6,2474.8652
507,0,433.8074
1123,7,2791.6746
941,0,169.24269
484,9,4308.5723
1173,7,3303.6716
1040,7,524.0585
126,9,3763.3303
960,4,34.183323
499,3,193.8033
1210,2,5638.265
1006,1,1917.6448
669,7,988.00256
745,9,1828.6942
516,1,2845.895
280,3,1921.9324
1213,7,5437.742
850,3,3111.155
383,1,2465.8542
296,7,1415.3988
864,2,1914.4023
60,5,2327.1045
1129,2,2397.347
133,7,2051.9028
1100,5,3928.7747
212,9,2138.4795
642,3,1905.7753
342,5,3241.4885
74,2,1726.8324
954,9,805.3856
1314,6,3221.3865
735,2,3045.869
238,1,3158.081
1239,2,1364.6116
310,7,3016.1912
1012,2,3216.0845
1044,2,1216.6587
1545,1,463.73996
1367,8,2650.7166
70,9,493.52127
963,8,2260.0796
1062,3,1551.3438
1026,7,2338.5737
686,2,1433.7524
1148,6,665.6577
348,3,2032.183
1424,1,3104.1367
1023,5,4013.7393
1233,4,980.02405
75,3,1462.3207
1548,7,3076.4487
62,1,4880.2295
1287,9,3471.0762
1517,7,3819.801
1252,4,295.70584
1428,3,1488.7335
1437,7,965.4734
1524,3,3636.905
1420,8,2823.924
204,0,380.1093
114,1,2775.89
25,7,3170.7812
1078,0,-42.1824
597,0,209.71777
973,3,191.40047
71,5,2226.0015
757,5,3456.1343
319,2,3361.0073
1260,5,3352.8853
357,0,311.50708
409,7,4448.91
1347,8,617.30115
951,1,629.4056
982,8,2466.9993
313,1,635.0324
1079,7,2660.3293
1497,7,2606.2517
1332,5,2750.46
309,6,2356.5754
422,9,5069.5938
482,2,1316.4391
939,2,3170.0237
136,1,2949.9204
297,2,3035.5244
238,6,3908.808
1193,1,2570.194
99,9,1435.8209
320,9,2584.7996
991,2,3509.7021
1411,5,4522.2725
576,5,5376.929
578,2,1702.9509
1360,6,2191.1692
1241,5,6636.0
186,3,2955.6387
1470,1,262.49265
956,6,3423.0195
100,4,214.51952
1488,8,3630.88
1017,6,2830.8625
63,5,3961.751
1329,1,2140.6858
185,9,2040.901
1031,0,773.69226
1492,7,2774.6677
1485,7,2244.7544
692,8,4785.288
586,0,475.66
1196,0,155.59782
505,9,1666.787
940,3,1641.888
1290,0,277.7461
691,2,1957.6619
507,1,2022.7627
777,3,853.9929
118,1,2110.6743
1239,6,1158.3934
258,6,1847.6401
1128,7,777.5554
1242,1,1512.6333
588,1,2323.7036
693,9,873.23926
103,2,2056.095
222,3,2911.4517
1255,9,3864.0117
476,5,2666.5386
1001,2,3428.5166
316,0,41.250668
209,2,3578.5686
193,3,1071.3771
1426,1,1905.3231
586,2,982.4867
91,9,2791.6768
315,7,1490.0239
1081,6,1698.0262
22,3,815.64514
447,5,3726.1812
1524,5,7270.427
852,3,1286.2626
396,1,2054.8533
1545,4,39.8716
493,3,2951.2166
835,8,750.8562
322,2,1710.8812
684,4,321.03793
43,7,2709.3894
48,1,843.6733
1421,4,207.58475
228,5,1947.6523
535,1,774.6987
686,1,1366.9834
1128,1,1167.963
939,4,-138.88829
1024,1,451.6588
993,8,1121.6327
1014,8,2928.729
1446,5,5807.175
612,5,4693.4097
68,5,1041.4288
980,2,1429.5742
1079,2,2666.2566
806,7,2316.614
1342,5,5286.928
106,4,-185.58049
253,6,1670.7955
1541,4,297.4375
1509,3,2607.391
638,4,219.88239
25,5,7992.074
948,8,1269.222
816,3,2506.5242
356,5,927.2443
1401,8,2821.5598
87,9,3310.6416
1328,2,1581.8667
1374,6,1851.3087
787,4,249.8846
492,1,2322.7688
1130,5,3794.569
170,8,2672.7104
534,3,2519.1992
1005,6,2283.026
899,8,1913.5593
285,8,2540.1653
628,5,2384.2158
1012,3,2542.006
799,2,2512.5415
107,1,864.0208
190,9,3584.365
61,4,256.9372
965,0,-428.3048
798,4,460.2722
909,3,873.6658
1092,5,1933.1294
478,5,4790.8467
1514,2,1233.164
56,9,3751.8484
918,1,453.7258
713,5,3250.2979
760,6,835.3222
1250,6,5068.2466
1273,5,5520.069
993,2,971.1613
689,2,3287.1348
471,7,1527.7115
650,4,92.09742
1486,5,2227.5166
232,7,3030.4468
237,7,2729.0369
1261,1,1988.5491
1369,7,2581.6445
1476,7,3911.8767
333,5,3626.5354
1010,9,2997.3772
344,5,2481.3777
998,3,2884.4597
186,2,2274.2437
1104,8,994.92975
88,6,3353.6663
948,6,1205.2108
600,3,3052.7974
775,5,7228.367
511,8,2623.222
809,9,426.55573
1552,1,5822.024
335,2,1202.7388
362,5,3962.2188
268,9,1362.502
1213,1,4725.091
1534,0,762.67487
1025,1,2881.1936
954,8,594.72504
16,4,158.60825
782,1,2832.05
1399,2,1244.6115
1293,1,488.43887
420,5,5952.4517
1465,9,2951.1584
638,7,1885.0814
288,4,174.33368
676,5,6022.7197
230,3,2303.9778
1376,6,4529.976
1512,4,387.18024
1137,1,2516.653
219,8,663.7914
256,9,3192.855
1425,3,322.21045
190,5,4396.767
1452,2,3968.774
1476,2,2944.287
686,8,1380.2692
408,8,3916.473
331,5,769.02124
83,1,711.3784
72,3,1931.7103
691,6,2264.829
569,9,2195.773
748,9,5009.499
637,6,5014.9956
300,2,2525.009
614,2,1332.581
939,0,37.419117
424,2,640.37
1385,6,4383.3076
93,8,2747.759
1048,8,671.7935
945,7,3311.2559
1208,7,4517.771
259,2,1735.167
1447,1,3150.2722
713,7,1520.2148
1070,3,1766.3334
1289,8,2268.6917
554,9,3276.21
535,2,941.8335
1027,2,1618.7983
121,2,2333.509
1069,2,1763.3998
1188,6,2805.9163
219,5,1836.5308
1015,7,2184.3381
1260,9,2236.9019
704,9,1986.0054
901,3,2361.6167
990,0,986.36456
270,0,190.68752
1080,0,280.24753
755,0,482.64398
235,4,989.50195
1458,8,1431.7501
293,9,3706.6406
496,7,1224.068
69,8,843.4171
720,8,1659.9653
395,8,2678.1216
636,5,2351.898
622,1,1638.8169
1252,1,1490.6031
642,5,4380.957
1205,2,2048.177
1397,7,224.63464
1146,0,62.060955
38,2,403.9002
685,9,4482.3403
650,9,1112.6779
215,9,1460.416
1177,5,2025.9412
173,2,2209.7815
1537,2,3029.2798
317,3,470.10434
1124,4,104.70348
237,3,2721.6536
1101,6,3706.9531
1074,8,1999.8424
1178,5,8551.861
1051,7,191.20726
719,1,2643.2996
765,5,2622.223
1311,4,26.785042
281,6,2045.6254
542,0,553.22516
32,3,1290.1205
697,6,5236.436
52,5,2964.1924
561,0,852.4573
123,7,2602.044
507,5,3997.2705
1549,7,1398.4562
1382,1,2087.8403
1229,3,2797.5056
644,9,2188.09
715,8,2334.2957
1371,7,677.36505
96,7,2227.083
749,3,1875.4082
385,1,1398.2261
1154,4,304.92786
1379,7,2153.2695
521,1,2962.5527
510,7,1684.0101
1179,1,2595.1406
50,7,702.1318
392,7,1129.9637
1226,4,405.9895
754,9,427.71915
458,1,921.153
151,0,893.6919
1091,6,2581.2607
189,8,658.14856
1313,6,3589.6934
247,4,797.81775
276,1,1013.66797
161,1,2631.6887
574,6,4295.394
1395,8,2293.1113
1497,6,1733.0856
1103,3,2463.247
1344,6,3268.2793
341,3,3094.9817
360,4,145.7383
1213,0,888.2248
392,4,182.09908
1149,2,3828.416
222,9,3910.5134
373,1,2122.0574
342,1,1902.1631
947,3,3543.9824
1250,2,4912.5986
719,6,2860.033
650,5,2311.2478
58,2,3258.8594
1195,0,242.98505
121,5,3730.4812
888,4,388.2506
47,5,3384.7898
743,7,3478.5806
916,9,814.1805
979,5,1053.3727
567,8,2121.6873
669,8,1066.4713
352,9,1510.8435
206,1,2598.623
342,2,2419.19
1145,6,2739.6072
1331,9,3358.6575
447,6,2558.9229
1372,1,1989.8113
888,9,1784.5745
475,3,2470.5002
995,6,2110.2302
470,2,3817.0232
106,6,4420.1084
230,4,153.44617
1168,9,3997.6216
652,6,526.18756
1359,0,515.6276
139,2,2082.9104
1458,3,1583.5968
114,0,724.8928
967,1,3071.607
851,6,3784.107
694,8,2399.4485
236,7,5675.373
1553,6,2168.765
374,0,408.0745
1233,2,4409.789
1507,3,1903.4321
1524,1,5509.985
1395,5,3845.6
1058,5,2474.471
1079,9,2033.1174
491,5,6017.564
697,2,5193.648
682,8,1435.018
1266,9,2497.8777
1419,1,799.5805
747,1,705.7383
1282,6,1916.531
282,7,642.92053
127,0,195.68588
418,5,3400.4788
345,5,2068.5732
333,6,2336.1719
1484,1,1930.5939
1362,3,3281.2705
494,4,262.67285
680,3,3592.0234
1001,8,3114.432
470,0,75.23406
1285,3,791.33636
1285,4,52.72685
1296,7,3782.4685
1011,6,3668.551
1165,6,718.46
861,9,3559.316
1441,1,850.32367
799,7,2220.297
1491,9,3685.8215
696,9,1106.2194
336,9,616.45667
679,7,2855.7373
431,6,1448.7502
579,1,1305.0093
887,4,318.44946
581,0,358.17636
224,5,4720.761
723,9,3690.7083
1246,9,1734.71
918,5,940.7314
269,1,1589.3918
761,6,803.24884
54,3,954.9538
738,3,1517.0037
389,5,5252.3657
675,7,3273.5137
543,7,1837.9198
251,7,4410.291
513,4,259.59412
352,6,1631.0371
840,6,5603.062
1108,8,2425.821
874,9,1003.86926
1107,0,191.12424
1009,8,3244.789
373,3,1833.0851
1544,3,2167.7212
305,7,5445.3887
1123,2,3829.2915
1318,1,1990.8401
1255,4,505.79245
1097,1,1359.1378
285,9,2870.237
73,3,1052.9994
172,9,2477.8052
1330,9,1665.2089
357,6,1680.5095
771,5,2281.4077
1310,2,3533.5588
1472,5,5758.1885
733,4,225.63136
726,6,679.99786
1461,8,2570.7292
1399,8,1323.7498
461,5,2680.9512
49,8,4186.4526
522,6,1554.0775
785,1,1761.2703
670,2,1580.019
1452,8,2364.5059
525,9,2274.9592
735,5,5582.604
26,9,6290.6953
996,7,1344.6874
598,2,3736.774
1537,8,3069.042
1246,1,1423.583
1446,1,2935.9543
515,6,1389.694
545,9,857.0781
1287,2,2287.4412
874,3,737.0858
1217,8,1075.5714
299,3,1582.5842
1546,2,2531.8818
194,7,3685.9895
368,6,3121.9187
1431,3,1005.25555
262,5,2046.6919
1064,7,2085.0928
1260,7,1677.2902
124,8,3203.5796
132,3,1234.366
784,8,1216.6989
136,0,-78.01792
1301,6,1979.0952
185,3,1999.0698
1531,5,4248.436
1551,9,1399.7401
828,5,4010.1863
1094,9,4017.716
684,2,1728.3376
874,8,928.60547
906,3,1741.1414
607,9,2643.7324
46,3,1697.1237
155,3,1634.2031
1298,9,1691.4897
479,2,879.8193
1324,6,2444.8782
144,6,2334.741
1480,7,2067.0
217,7,5112.86
323,6,1900.991
274,7,3214.8572
624,3,1712.9084
332,9,1826.3035
1084,7,4170.0923
16,5,2214.9006
1552,5,4583.9497
683,7,521.23846
837,6,2264.291
1022,4,258.5649
1198,8,3745.6514
1046,9,2558.9094
731,7,507.06183
970,5,3272.9192
835,5,1293.6191
1081,4,470.16284
1000,9,2105.2676
550,7,1245.9187
40,6,2481.648
794,2,2930.9734
499,4,153.21094
907,8,1294.3821
1034,8,2899.1677
1516,8,1911.0446
1138,8,2533.3328
489,3,1407.7795
1226,9,2045.9746
399,1,734.49536
640,3,838.5999
408,5,5733.108
459,6,1573.3895
661,3,1092.7053
1013,6,2607.4097
1342,8,2911.7776
640,7,509.89197
1329,0,62.824284
604,7,3195.8127
941,4,28.743397
1065,1,3749.8396
226,6,1859.5985
316,9,1998.3284
135,8,542.3669
1156,9,2087.8948
782,9,2997.3816
1176,9,1005.0792
782,7,2051.6973
79,2,1823.7959
1191,5,4054.2354
909,7,769.41583
834,0,383.38257
4,3,2231.042
884,6,1206.0972
805,7,2425.3062
1313,1,2722.2998
1151,5,4083.8428
877,9,2324.203
102,5,2544.9348
669,2,753.1521
235,8,3480.8484
784,2,1348.247
105,7,3551.899
42,3,822.9975
1300,4,-323.28195
1087,7,1300.2593
1513,5,4896.532
1372,6,3443.027
91,5,3701.7341
19,2,3339.0073
634,7,2527.7466
1255,3,3038.4424
238,8,2633.1917
387,9,2532.8071
742,7,4487.0083
570,6,4635.5103
1259,3,2286.8406
1215,9,2555.7507
197,6,3677.2693
864,7,2214.592
1014,9,3505.8232
431,8,1481.6152
766,1,3428.467
498,6,4322.5337
1112,1,3640.566
1394,0,489.1372
908,5,6056.47
555,1,933.4746
715,2,3852.832
569,5,3348.385
1375,7,442.75275
599,3,1662.5166
166,9,2281.3352
1195,3,829.3447
755,3,1938.5493
611,8,1887.5299
11,9,3124.6382
1481,2,2179.5056
287,2,984.6441
1512,1,2323.6963
1121,8,2417.6787
1549,5,2756.6772
1347,1,314.43448
549,9,1375.4276
1467,7,448.6274
1322,9,2970.865
55,0,169.55974
313,8,508.8456
1398,5,3345.0002
930,2,4157.8184
852,6,1360.8019
56,2,3670.6238
924,6,925.89935
1191,1,2323.0312
684,6,1661.0236
1242,4,289.61914
1450,7,2191.0146
1295,6,1483.0914
869,3,4342.9126
135,3,523.2291
5,1,2988.5745
759,5,3157.391
3,3,2133.4004
857,8,2589.2324
1398,0,324.1269
1314,5,7277.54
1511,5,2839.1082
875,9,2434.159
686,6,1384.7551
1253,1,1960.6931
534,9,3728.0466
4,5,2872.8665
1065,2,2933.7288
599,6,1597.6677
1224,6,2958.9214
1467,5,596.4677
768,2,2265.7485
1184,1,2083.5264
1245,9,2920.9456
1435,6,1004.8569
838,6,2778.2207
640,9,613.227
888,1,1800.8434
1232,1,906.8648
1230,4,1510.5282
306,0,171.54373
655,9,2546.3123
1524,8,3826.6313
1185,5,1451.5527
521,4,723.34973
627,9,2339.2373
1528,5,1763.6669
162,7,1692.8859
175,4,58.023464
1224,2,3069.9912
1280,8,1841.6748
590,8,837.4997
707,4,-120.46262
1446,8,2446.9082
834,3,2154.317
113,7,3812.72
1047,8,1933.7666
495,0,150.8845
392,9,1109.6511
1321,3,1585.5643
654,9,3616.6462
1445,6,1862.2517
1541,5,1589.0831
616,5,6452.067
1269,5,6500.671
347,3,2166.54
1197,6,4621.5103
1336,5,2309.9763
703,7,3276.806
763,3,1722.918
618,5,2757.198
515,5,2164.9102
432,0,223.14467
106,8,3876.2783
1519,8,3179.633
364,9,1868.8448
612,4,-43.15913
655,3,3578.0212
96,9,2535.7068
624,4,-191.88213
157,7,5493.387
1275,2,2388.4817
1343,4,176.72649
860,8,1968.419
538,7,3902.5352
1551,1,604.3697
987,1,755.58655
1326,7,1495.1425
122,2,4499.4106
439,6,1413.6682
1219,3,485.02707
1537,6,2784.757
1148,5,1364.6571
1123,8,2807.757
1519,3,2377.762
1485,2,2699.2485
485,8,3427.2056
1555,5,3874.95
1364,8,1998.8422
1135,5,2123.4644
1271,8,2576.2314
248,9,825.7666
15,3,1799.6879
1117,1,1265.504
240,7,3990.997
236,2,5354.772
548,7,2672.5664
11,1,3306.1191
1080,4,313.87842
1500,3,2833.473
2,7,3162.277
839,4,459.2371
116,3,315.90668
183,1,1378.5791
1293,8,513.2303
20,4,321.09668
1313,9,4579.5034
943,7,2683.586
1497,1,1920.9417
889,8,4286.158
593,3,1322.6498
763,2,1830.681
271,3,1544.9352
502,0,312.11136
1233,8,2368.0183
1492,1,3438.8176
830,8,1827.0515
196,0,230.72218
1263,1,1057.486
198,8,4530.202
242,3,1393.6902
1112,6,5277.532
549,5,2702.203
32,5,2502.7764
174,2,2200.828
925,7,3174.408
742,6,5048.759
1039,6,1469.7047
897,5,3047.6135
1199,5,1457.9578
1317,9,877.34576
389,7,3333.0645
879,5,4246.495
353,8,1162.7244
1229,6,2197.1682
1251,1,1252.3002
833,8,5461.4517
410,3,315.68805
1308,2,1847.6422
1247,8,803.3085
428,3,2122.5977
65,1,1229.6119
1252,7,1111.9716
1020,3,1826.941
1223,3,1922.1924
421,2,2317.4526
1315,7,1467.7186
1201,6,3933.7722
205,1,3112.258
883,6,3390.1711
907,9,1427.2758
1161,5,6436.6997
1452,3,2663.2295
840,1,4251.572
60,7,834.23926
224,8,3283.0178
1288,3,2356.742
355,6,2531.1982
239,4,944.8345
1179,8,2931.106
401,8,2594.3547
583,9,4662.424
809,1,486.9483
660,6,1658.1136
1074,1,2356.2073
278,6,2057.9446
1145,0,802.4185
945,8,3033.889
134,4,280.95264
198,0,724.36255
664,7,2524.765
234,6,3005.1584
541,7,3103.571
1016,8,4071.7783
870,9,1473.2311
1000,4,493.1833
68,9,781.968
280,5,3618.5967
775,8,3891.7144
373,6,1883.3779
291,0,316.6488
1181,8,1930.75
674,6,1253.9259
1046,6,2485.9324
1067,0,197.65683
523,9,3413.6655
203,6,3539.0518
642,9,1958.6283
1054,7,2479.146
806,9,2412.0789
1300,8,253.25354
72,8,2225.3892
827,3,1910.9528
1294,5,1066.9436
502,8,2305.4722
402,6,4892.1343
6,8,1500.4688
1173,8,2787.1582
1156,7,1808.8351
237,0,507.66287
955,6,2072.3052
1102,5,3512.2944
936,2,1423.4375
926,4,-692.8675
1484,6,1978.6229
718,6,3010.3828
154,8,550.4246
723,6,4487.9165
89,2,1807.4563
313,3,213.65512
1489,9,3373.6865
812,7,823.2866
1016,1,2357.8872
276,8,1185.6693
758,6,724.52277
1394,2,1890.5876
590,6,665.99414
349,3,2919.0435
1469,1,491.05634
1298,6,1296.8961
449,1,1502.9922
314,4,441.4822
267,9,5472.921
1231,7,1576.5782
617,9,1741.0194
371,1,1498.2723
1085,2,486.85352
1209,3,905.885
72,5,3020.2104
137,5,3120.1506
840,9,3860.5388
793,5,6160.616
100,3,3103.7246
1500,6,4778.7734
1512,3,1989.6113
1284,5,3506.8752
1216,3,1524.3265
928,2,2151.164
285,4,-835.3901
658,2,4932.2725
1427,0,49.651882
1255,7,3616.5515
902,1,4042.9978
492,7,2145.8901
164,0,913.8357
1547,9,2735.7192
375,9,3439.6838
393,0,-81.98087
204,8,1076.8788
66,6,790.7412
919,9,1065.415
1333,6,3729.774
862,9,2584.6938
475,6,3872.9
1224,7,2719.5989
624,9,2566.5605
6,7,1607.3942
1485,1,2342.7542
1497,9,2720.0269
1303,1,37.21471
1172,9,2024.7755
1451,9,846.7914
169,1,2927.0579
800,1,2793.5066
346,5,5395.647
938,1,1834.6234
1517,9,4161.449
579,5,2488.6895
1357,8,1222.3207
478,7,5057.9097
1133,1,1591.063
1057,4,1276.2367
138,8,1110.0363
1226,7,1594.0953
755,5,3259.4932
256,2,3327.273
928,0,438.78738
1419,5,1967.0701
864,5,3920.081
104,8,745.5907
1160,9,3372.657
1122,0,227.1951
738,0,108.4769
1448,7,1097.6702
1376,1,4152.617
750,1,3107.6802
352,1,1467.0115
597,2,1128.8306
258,9,2745.4155
98,0,799.9403
287,3,869.9268
1416,9,2535.8274
260,5,3649.8293
1424,7,2656.4104
789,9,950.6117
488,8,2313.8364
664,0,705.3627
100,5,4921.386
972,7,1229.731
133,4,17.861992
281,0,530.29706
1079,8,2414.2102
501,8,1745.8793
122,9,3674.4036
1423,7,441.14172
998,9,4296.636
1015,3,2683.3462
513,8,2072.3352
625,9,1795.635
1358,4,29.981907
644,3,2145.7078
758,7,726.4146
1298,0,-301.87292
682,2,1542.0881
1191,9,3399.4382
1005,8,2320.7212
367,4,842.3396
757,2,3135.4756
181,9,3242.9565
22,5,2598.739
1098,7,1012.4155
1227,4,488.22244
1218,5,5510.3203
1411,9,2732.6543
394,6,2213.4468
892,6,3000.3035
1101,4,692.8536
1252,0,141.17365
729,2,2173.681
1377,1,540.34
1516,1,1605.1979
762,2,1801.7527
766,4,510.721
443,2,2704.1006
1437,9,1290.4395
555,9,922.8561
263,7,1521.4331
360,2,1418.8317
724,2,777.6561
912,5,8288.336
1154,3,736.073
778,1,4134.736
255,0,151.72867
933,4,1123.1377
428,7,2458.489
1078,9,1238.956
0,5,3084.3638
1039,1,1423.2687
21,1,1698.7286
46,5,5215.2373
1136,2,1268.4579
100,8,2800.783
346,7,3156.1992
325,8,1797.0201
425,7,1827.2227
922,8,2587.106
13,5,6827.893
404,6,1781.7478
249,8,1454.7048
1041,3,3472.581
233,7,1955.6132
1035,8,2177.739
163,4,809.04297
245,8,3172.9958
1005,9,2116.1921
331,1,1291.621
873,1,2322.1406
1069,5,2568.5447
542,3,2091.7673
638,2,2111.2695
1093,1,1703.5022
1247,1,606.62274
337,3,1094.1382
1284,0,138.32526
975,8,1921.8419
607,2,2837.3906
1553,2,1911.3182
409,0,1153.4777
586,3,523.38983
312,2,1663.7305
700,1,1190.2828
1413,5,1414.2474
1096,1,1534.2572
205,8,5287.402
1237,1,2108.8635
1174,6,2167.0054
60,2,872.6719
671,1,1687.555
1029,6,2487.1907
80,6,3865.8225
442,8,1548.7655
1208,1,4665.0713
326,1,3518.8499
1150,3,513.67554
268,3,1042.3916
879,8,1964.3138
1162,2,4324.6406
475,8,3008.0664
477,1,2314.1323
127,1,734.8896
1334,5,3862.6445
1187,1,5538.296
278,5,3168.3699
624,8,2024.2867
37,0,178.64262
1046,8,2760.5837
88,1,4010.7727
1019,3,1894.1495
718,2,3409.4531
1275,3,2309.07
454,5,3217.6965
1225,6,967.4649
1554,8,2244.845
1265,6,1034.2734
193,9,1470.9246
684,1,1470.4087
1324,9,2970.2595
1541,3,410.41653
251,8,4086.489
561,9,3680.3022
822,9,3097.8804
1220,7,910.71155
717,1,1197.1884
915,8,1628.0594
122,4,335.04953
1160,5,5897.1255
95,3,897.78973
1449,8,3701.4849
1079,4,345.68033
85,7,2186.1726
143,6,1579.9945
869,1,2315.6978
24,3,3927.3066
1098,9,925.5422
836,4,391.51453
343,1,1343.7928
469,7,1542.297
777,7,572.48456
1178,2,4536.8145
1498,8,1247.219
21,2,2033.7649
26,7,5176.804
514,0,903.17645
1549,9,1849.1212
6,4,927.02966
1289,7,2533.9146
628,7,1094.628
52,9,1840.5691
1036,5,3622.684
1051,8,254.96262
396,3,1779.168
1035,0,337.4417
505,3,1242.2477
782,2,6293.388
239,5,5991.384
381,1,4028.471
968,3,2850.8804
942,1,2870.017
1314,2,3786.9536
954,1,789.97974
865,0,264.71707
1170,8,2179.9758
964,7,2207.171
347,9,2783.6794
66,2,870.87744
87,8,3428.0527
258,2,2279.7666
764,6,3108.188
265,2,3059.194
967,7,2739.8674
537,0,312.57715
533,2,2764.574
1121,1,2784.4836
1346,9,2607.9316
348,5,3478.248
1056,7,1384.4718
663,4,208.43628
648,1,3102.6294
168,5,4957.588
433,2,4496.169
1087,0,130.77882
780,8,1996.7003
1392,0,174.20827
129,8,2268.7705
1055,5,2485.7114
30,6,991.2739
888,0,239.82625
1549,3,1402.5801
1509,4,360.25113
125,8,3824.999
1064,5,5722.0312
666,5,6198.181
1423,9,621.7771
962,4,319.67288
618,1,1613.4989
151,8,3180.4429
1284,6,2489.4648
1387,9,3135.6306
1283,2,449.80878
199,2,1841.5376
1273,9,2943.7134
1484,9,1970.6852
236,9,4854.699
568,4,161.18616
326,6,4304.857
1478,6,2298.1548
1262,7,2473.6914
481,2,3850.2578
785,8,2573.9458
389,2,2827.1948
1087,2,1280.6177
1462,0,-114.33101
1160,1,2712.1936
334,7,4361.596
662,2,2157.9116
710,2,1824.58
800,7,3182.1016
631,0,182.54369
508,2,849.4788
479,7,1012.05115
474,5,6796.191
1161,1,3323.8364
886,5,2936.785
9,7,2404.675
456,9,4339.2446
653,1,2745.9578
1061,7,2165.8406
1356,1,552.448
1543,0,55.002174
733,3,1582.483
1257,7,1344.0527
449,0,507.09915
788,3,3486.1838
880,6,2050.1172
673,2,3831.1143
450,9,1775.707
376,2,1770.6774
520,8,2026.134
426,0,330.76724
239,8,3127.464
547,1,3687.043
1513,7,2752.8586
1291,4,613.84186
1271,9,2518.0757
242,8,1671.8389
246,1,1323.9625
1378,1,2305.4543
185,6,2408.718
1067,2,2655.4043
1318,7,1977.6222
683,1,526.77734
1182,7,1265.6659
245,7,2726.424
1185,8,1004.7057
1330,2,1775.3499
182,1,3591.1953
1323,2,549.1639
603,9,1932.4701
1457,3,2916.072
257,2,3574.5366
758,5,1478.095
684,0,462.18216
706,9,1323.2454
962,1,881.08124
927,5,4810.012
1218,1,3146.0393
776,0,839.09784
1002,7,2672.073
279,9,3318.421
1337,1,1630.1448
916,0,116.98512
397,8,2961.7485
1148,2,565.7845
291,2,2505.4143
1109,1,2259.0059
584,2,2474.9023
1263,7,1431.8146
1334,8,2941.7898
1460,9,2653.6172
1070,9,1986.7181
473,5,6287.551
834,4,173.07869
1027,8,1442.88
229,2,3394.6284
1253,5,3243.8057
1425,9,711.0065
1255,1,2968.779
670,4,42.20325
819,1,2277.8625
859,2,808.49225
95,5,1920.6136
86,2,1588.2921
225,2,3908.5393
759,0,485.10086
841,9,1852.7546
1190,4,429.3816
243,7,1862.5695
140,6,3834.35
1548,3,2011.6506
842,8,2321.4346
790,4,590.1019
1457,6,3543.7717
507,8,2993.6814
329,3,1224.7886
641,8,2696.7468
1216,2,1868.8674
1277,3,1543.0145
969,8,2410.845
752,9,3951.7744
37,7,2418.8164
619,9,1276.0641
1017,8,3077.6306
881,8,2879.7275
721,6,1270.4977
1530,6,3988.865
741,8,852.5869
1472,3,3965.824
145,1,937.67584
938,2,1734.113
305,5,6043.9277
208,1,1414.438
764,4,212.38275
1451,8,735.0755
935,2,1041.3341
726,7,618.4797
178,8,776.8967
1359,3,2781.4163
1147,7,1805.6476
1296,9,2827.2761
678,5,3681.084
600,2,3062.8276
46,6,1787.6504
1072,6,1739.6725
1149,3,2094.0715
218,9,2477.2048
1203,3,2664.4644
1274,9,3875.2097
170,6,3355.8386
171,7,2423.128
778,6,4757.672
992,7,1802.1649
988,1,1854.1935
977,0,345.83722
695,6,4347.519
1069,4,208.7453
218,1,2332.509
596,0,357.88742
1417,7,1925.8064
434,7,4249.6455
1289,4,249.72668
438,6,1949.6548
605,2,1572.31
289,6,2199.8103
1517,6,4917.5337
287,7,930.82904
749,6,1431.5286
794,7,2795.1638
640,6,603.4938
1492,0,319.6127
638,9,1872.64
72,0,-338.37665
1305,1,1387.2258
400,1,1957.8682
234,0,43.466984
875,3,2845.2002
665,0,746.4382
618,7,1088.3777
720,9,1933.9362
1409,2,1578.0529
439,3,1281.5425
607,8,2786.2188
1204,2,1914.9376
84,8,940.90656
1538,3,1618.0952
356,8,698.6253
722,7,2595.6106
29,8,1354.9636
1078,1,1180.9954
378,8,1331.2937
725,4,296.2447
47,2,1990.6769
966,9,1925.1456
760,7,538.78436
167,5,3848.0398
1209,0,-110.48568
279,5,5949.711
686,3,1185.9285
982,0,342.8242
291,6,1785.2168
1283,4,172.95534
670,7,907.6089
287,1,1679.3951
1106,8,1031.6693
131,7,529.353
1137,9,3029.8997
24,9,4225.433
329,4,779.6203
679,6,3112.9707
8,9,809.98615
1370,8,2449.0586
999,1,945.9429
226,1,1717.5298
877,7,2528.319
864,3,2059.668
1134,5,5700.3003
277,1,1688.5115
1310,9,2371.5073
1372,9,3401.0178
26,2,4681.7793
354,3,1758.3756
112,4,-251.67126
197,5,3882.4597
794,8,2926.2603
1187,2,5102.4146
409,9,4218.1323
626,9,1597.5709
1336,9,1341.8414
309,9,2403.179
247,7,3440.3408
74,5,2119.7131
679,3,2237.7095
254,7,2307.98
102,4,217.9559
309,2,2160.282
234,1,2600.8564
1202,0,-85.34604
1166,6,1015.4313
923,0,224.02098
5,3,2239.6572
587,6,4671.745
663,6,1801.2461
577,1,2045.5911
705,5,1652.2036
274,0,225.62999
1225,5,1485.7505
1089,1,2360.2576
1124,9,388.02286
1172,3,1844.2675
183,2,1635.8512
255,3,1217.3883
693,6,897.87854
1558,1,3718.084
1199,7,916.9586
1096,7,1390.8322
324,2,3625.0251
33,7,2265.5713
1368,2,3384.4497
931,6,3683.3218
353,7,1004.5135
1260,0,306.54422
215,6,1477.3959
361,0,321.29712
714,8,3021.277
187,8,3479.571
1393,6,1218.3044
518,4,422.08823
141,4,501.69116
394,1,2365.9292
1503,3,1835.4244
597,5,1929.1056
1273,6,3284.2124
524,6,1020.68066
205,4,156.22745
856,6,2722.9165
1239,8,1042.297
44,2,4050.036
1508,2,3850.695
1347,2,719.5327
2,6,2768.0342
1293,7,467.11377
345,3,592.19135
1412,3,2155.107
243,9,1363.5126
1036,6,1622.9142
852,4,243.65442
1455,9,2980.9016
266,7,3463.5762
1393,8,1282.5488
551,8,1736.4111
487,2,1500.2356
876,3,3434.5881
18,8,1240.0103
602,6,1545.6517
486,1,624.399
537,4,213.34816
902,7,3407.9233
334,8,4006.9531
800,3,2510.405
217,2,3786.579
798,7,1353.0195
1453,8,2272.027
323,1,1965.7577
379,2,484.47928
349,4,712.87396
59,0,-58.55452
1333,9,3234.1978
1178,7,4760.479
709,2,1699.8604
788,9,3475.9863
1235,4,887.6928
685,1,6476.826
552,6,2172.3706
303,3,2712.818
82,3,635.6099
465,2,1968.3014
492,5,5002.7607
66,3,1051.6476
1512,2,2423.078
77,9,3011.6475
34,9,4131.3276
909,6,1109.4622
640,2,714.8961
235,5,4758.574
1213,6,5400.7607
1184,7,2367.6074
363,5,3332.0525
1256,6,1424.8547
807,2,3607.0327
367,6,2697.4373
1319,5,3999.799
173,1,2062.9106
726,8,857.833
377,1,2166.845
315,3,1400.2523
716,8,5565.354
859,9,837.7652
899,9,1979.5696
499,5,1414.8398
124,9,4153.0947
1063,6,4404.862
1258,1,3293.4558
487,6,1229.2931
884,7,1108.9644
944,1,2004.0138
82,6,814.8142
955,0,981.46796
73,7,1174.3264
1302,7,1456.988
980,5,2548.0762
1523,7,2153.8674
1037,5,6697.421
649,6,1511.8528
1219,5,1766.2859
429,4,255.3207
503,7,1511.1936
894,6,1491.9719
251,9,3798.2095
925,9,3170.697
403,7,4486.639
1249,7,1454.5968
536,1,1873.9392
81,8,2271.6506
30,0,226.1885
1315,1,1307.0265
1470,9,1460.1975
345,4,135.59758
935,6,1130.1863
1324,2,2702.5715
1505,0,671.15857
459,2,1755.337
1041,1,2903.9106
1495,5,2966.309
330,5,3839.1074
252,7,1307.7662
48,2,405.07913
1547,4,870.89166
1183,2,4264.1187
597,1,1169.2305
1241,9,5004.049
1321,0,248.46655
249,6,1323.011
596,1,2817.7056
937,0,725.38196
1471,8,925.14636
115,4,139.64906
1466,9,3602.14
1307,3,903.0553
1171,6,925.63715
197,2,3850.2449
771,1,1569.7083
1006,4,671.8683
461,6,1685.2094
713,6,1879.6343
1503,7,2202.7324
1095,8,632.8896
433,0,354.1322
751,9,1326.2751
57,6,668.3586
800,8,3021.0889
442,0,193.20903
1028,8,1116.6896
16,8,747.03314
1343,9,1422.2333
380,0,1715.2852
1147,8,1878.094
1531,6,3802.316
655,1,4715.399
1485,0,145.46255
452,7,3281.353
1537,3,1844.0894
1190,8,2146.197
289,2,2225.693
350,7,488.6863
1039,8,1397.2231
366,6,1683.4712
1217,9,1089.2308
1363,7,1178.6207
624,5,2324.219
1264,3,1811.1086
1143,7,1948.4133
633,9,3000.6252
344,3,1212.2682
1078,7,928.52844
1298,8,1470.7008
207,0,886.16846
384,8,1303.6638
1082,2,2177.4666
386,7,3901.0688
1466,4,847.9043
3,8,2427.024
340,1,2859.7065
1012,9,2536.6455
207,9,3758.2527
682,9,1564.011
901,1,2285.4133
1405,1,3115.2754
1386,9,3858.895
614,8,1379.8795
440,3,1205.8026
759,8,2298.7705
398,4,679.13513
187,7,4133.524
1141,9,3206.8289
530,7,3492.2485
11,7,2622.1233
790,6,2695.8574
1498,7,1235.1859
434,9,5554.964
1197,3,3875.784
122,0,-609.8003
412,9,2348.5564
1335,8,2199.6528
481,6,5725.9614
169,3,2389.36
680,1,3588.9614
953,0,456.22757
845,6,4633.3745
182,2,3657.3962
667,2,2823.3484
1469,6,978.843
306,8,1709.5542
483,3,3392.1355
923,1,3067.9792
11,5,5269.976
949,8,2066.6216
1140,7,1128.8667
184,3,1368.8557
943,5,4293.3945
819,9,2067.9885
1394,3,2023.2367
381,8,4530.598
1346,6,3003.3486
562,9,3653.5159
174,5,5479.738
918,7,372.29858
243,2,1249.9507
282,8,676.0878
1482,8,2937.6562
78,0,960.5169
571,6,1147.6958
648,9,2558.2903
767,6,825.68054
1,8,2849.2861
1361,9,2809.8674
324,7,3579.3462
732,9,1918.2986
818,3,1179.356
177,4,217.05011
588,2,2276.704
1058,0,376.9702
917,5,6569.2515
1290,6,1973.034
710,8,1616.6765
296,4,428.6375
1053,6,3614.223
1521,4,282.57922
1354,5,2224.813
1316,9,3595.9412
732,7,2148.7502
445,7,2755.7244
493,5,6745.392
1119,6,888.7804
1189,8,3486.3464
675,3,2625.5166
507,7,2226.962
1100,4,205.66422
1119,2,514.0954
327,5,3741.188
964,8,2099.776
493,1,3807.655
1084,6,4507.8584
880,5,3203.741
1530,1,3411.7954
110,6,3712.5388
251,5,5015.6978
649,0,120.34295
746,8,3908.131
772,8,3251.0283
165,4,592.82294
566,4,94.55789
1338,8,3807.4587
410,7,449.68
1079,3,2034.2992
294,3,992.1978
803,9,3748.623
251,6,4518.243
1027,6,1619.5819
561,8,3468.1848
713,1,2131.8406
665,2,2296.7043
1520,5,6028.491
493,6,4139.8223
249,5,2722.6328
1478,8,1962.3757
1418,9,758.11017
1050,0,-24.9566
430,2,3899.5413
1544,5,5206.2104
642,7,1889.8634
1430,8,2476.168
548,8,2356.8215
639,7,3426.832
659,1,1324.496
645,3,1219.1855
1158,9,1457.7269
756,7,3437.041
698,7,1644.106
253,1,1612.9086
711,7,1287.3136
1153,6,2661.266
1033,9,2489.8435
432,9,1044.8745
1331,1,2849.3535
699,8,2367.2974
151,5,5656.842
260,2,1841.935
1432,8,1733.9238
608,9,2025.509
1371,1,698.23804
641,2,2890.5347
250,0,247.59122
385,8,1624.517
803,7,3600.6836
456,0,733.62195
777,8,648.8659
1452,5,3936.1816
540,5,4472.552
1305,9,1846.0251
353,1,740.7535
481,9,3065.9175
563,3,566.9205
736,5,5127.0776
383,2,2076.4478
1507,2,2551.3662
386,6,4020.012
911,0,389.06168
1257,0,12.775015
582,3,1456.633
1395,6,2325.6309
1151,9,2412.4136
769,9,3403.981
111,7,684.6868
341,1,3030.4949
39,6,2630.5632
566,0,42.967136
509,5,2532.3906
1249,3,1225.5223
876,1,3703.0015
187,9,3819.9595
1527,8,1970.5345
226,5,2616.9438
292,2,3100.876
1516,7,1712.3313
1553,3,1897.0333
795,1,205.77528
1022,2,790.9574
272,9,1261.9042
1064,0,395.38766
1437,4,192.60564
83,7,858.32196
783,9,3162.6213
337,8,1353.6841
1139,7,1011.1567
631,2,858.1648
1337,4,-175.73706
238,2,3578.884
717,8,1138.3251
1060,5,2972.7756
212,1,1886.655
1051,3,551.07025
484,3,2766.2634
852,2,1337.728
1068,9,2735.4172
345,9,462.2863
603,8,2082.4517
1498,0,112.15448
97,0,2713.8433
1111,9,3717.5105
39,4,228.40407
1521,9,2004.2468
741,6,673.4554
873,3,2050.1135
1441,6,1422.8187
1434,6,2705.0098
441,7,2547.6628
509,2,1988.0658
399,9,638.9237
176,0,65.707924
502,7,2134.5918
973,0,197.77092
579,7,1184.6078
853,2,575.69556
1084,2,3941.018
140,0,225.39719
61,0,415.64493
155,6,2225.7625
1007,1,1395.6681
559,7,4351.0293
931,8,4406.269
1461,7,1664.25
279,7,3623.1938
1402,1,1539.752
1537,7,3036.7253
1028,5,2314.6313
1558,2,2949.3184
219,1,853.52374
11,8,2674.1897
1195,1,551.0924
653,6,2635.3206
70,8,626.842
1022,8,992.02264
1449,9,3858.7056
1010,0,314.8369
1348,7,754.545
1226,6,1759.7505
363,8,2762.7957
784,3,1082.9663
712,0,43.06181
96,3,1759.931
1200,8,2726.6223
1495,2,2322.4502
1511,7,2388.965
620,5,1700.8794
7,3,387.14542
632,1,1986.9513
947,9,3960.8992
1422,0,340.8101
587,8,3954.3447
589,2,2668.2087
198,3,3094.7346
588,4,559.00543
1174,4,-81.06878
529,9,1910.5156
1522,8,3126.6365
1540,1,3137.3218
29,3,1427.7869
164,7,3897.4736
1307,0,103.39794
337,6,1408.7915
120,5,1538.2605
1171,8,737.23047
391,3,2841.2861
651,6,1908.0498
751,5,2729.1802
1191,8,2986.5098
311,0,80.76811
984,3,1900.6772
1254,3,3957.7805
1348,2,2798.7305
920,5,906.76636
1505,7,2477.6912
912,7,5257.239
1416,2,2397.293
562,8,3713.9246
192,2,4362.2617
94,6,871.7855
937,5,3419.99
664,1,2724.195
737,1,3373.4185
629,4,273.13843
1332,8,1687.8896
1440,7,1685.1194
1333,8,2632.4866
1060,1,2294.8474
1377,6,951.5381
90,5,5452.914
138,1,1178.387
1079,0,669.36615
1458,6,1520.1637
1419,4,86.71416
1167,5,3415.0889
1149,6,2923.578
464,5,2469.9158
189,6,719.25934
1285,0,538.8851
990,1,2219.4263
563,0,161.37889
849,3,523.1805
1455,6,2776.4143
891,4,241.41782
321,7,2634.0886
984,8,2202.083
418,7,1585.0195
711,0,220.71481
630,4,886.9766
1000,2,2247.3037
1046,3,1959.6202
924,5,1756.2242
1148,7,374.685
1504,5,3738.5588
1510,9,3955.435
930,6,3512.6233
1445,5,2539.4521
1259,2,3270.7625
250,6,2495.306
974,6,521.8987
904,7,1829.2781
694,9,3015.9626
1516,3,1618.9033
756,6,3854.7886
514,8,4135.8667
432,7,1220.5889
1508,1,2980.9636
715,0,374.81427
947,5,7720.8047
286,0,780.7722
157,1,4972.63
1486,4,428.18597
738,4,284.05215
797,9,3662.9858
577,0,517.327
543,1,1982.6825
1105,3,1825.214
1290,3,1526.0476
803,3,3931.8743
605,8,1482.8481
29,0,180.04837
801,5,3199.6152
1282,8,1759.1526
906,9,2413.6458
700,7,1013.0102
1494,1,552.79877
1007,5,2560.7898
329,8,2395.4536
907,4,309.1865
948,5,2228.8372
1216,7,1790.2985
263,6,1445.2091
53,0,-117.17777
1556,3,3056.533
1391,7,1168.5519
1511,3,2213.5908
109,6,1266.1713
898,3,1625.1389
1026,4,312.10638
1327,3,4393.728
909,1,969.54095
1425,8,431.88812
260,8,1733.7935
662,8,2097.1292
1338,1,3829.6487
791,8,733.0232
239,1,3733.094
1238,1,3916.171
92,9,2726.4548
271,6,2465.76
17,0,201.72624
1061,2,2232.3208
296,8,1485.4216
820,9,3652.7598
1172,4,189.89569
807,7,3769.2698
130,5,4193.056
1478,3,1648.9695
1191,6,2990.278
1299,7,2933.1077
1304,9,2715.767
1440,8,2138.3362
1316,4,1472.2363
365,3,1982.0713
206,2,2109.1074
1340,9,3030.6975
989,6,1042.956
914,5,4018.6875
1503,6,3285.9458
540,1,2318.7234
614,9,1330.3975
468,6,2890.5781
668,3,568.657
278,2,2204.3105
742,2,5095.868
210,5,5666.335
15,7,2594.6191
1328,3,2345.7654
515,9,1210.1642
613,7,697.55554
1327,5,6553.749
1415,6,2103.3533
1084,1,3849.0295
469,1,1841.3203
1059,7,2217.8613
1056,8,1318.8737
1378,4,293.20502
765,7,1733.6956
974,7,430.91187
947,0,891.9242
486,6,671.507
685,8,4373.135
1071,6,1302.1772
680,9,3873.9863
133,5,4431.3555
46,9,2365.1143
760,4,114.31289
1532,5,6465.395
569,3,1329.7607
1244,9,1346.0393
908,3,3431.451
1477,3,3289.7505
1480,6,1879.7705
1041,8,2634.6519
32,2,1415.1907
690,1,2894.1553
557,1,3389.5745
1147,3,1880.0305
1091,8,1900.0875
1138,3,2843.8318
119,4,-94.76166
1007,2,1672.698
1213,8,4505.8506
655,7,3301.534
1510,0,674.7432
464,7,910.86365
411,3,1147.754
1284,7,2218.1504
878,9,4599.1245
743,6,3490.016
171,1,2254.1223
140,3,3912.5623
1189,0,815.5741
1182,6,1406.3785
1337,2,2257.7507
1470,4,12.744537
1438,1,2720.7437
1318,4,485.17566
150,6,2529.4448
685,5,7139.5103
437,8,1663.355
1198,2,3480.0625
1434,7,2738.4202
220,8,2646.3408
431,9,1264.0709
1175,5,1558.3804
780,4,782.0643
743,1,4408.2783
1323,3,250.14838
1173,5,3840.1042
1198,7,3800.6423
1507,9,3359.8557
1495,9,1844.4312
532,8,746.4406
843,1,2567.6387
657,1,1785.032
510,9,2048.0012
1222,5,3838.342
785,2,2373.4907
1176,5,1380.8889
577,8,2068.4995
289,9,2484.5103
897,3,2573.9902
494,9,1759.5645
529,7,1709.7649
321,1,2741.3416
102,1,1165.9269
275,9,779.41034
349,8,3447.8564
1156,6,2003.6462
124,3,2624.6646
418,1,1438.2239
229,8,2717.157
1031,7,3406.1262
61,2,2259.2563
485,1,3096.0244
975,4,427.7204
393,4,50.146
824,9,1066.9303
1304,2,1523.8136
323,8,2184.3372
1436,8,1631.8395
1225,1,379.83972
958,2,1445.5565
437,0,382.29605
290,7,2422.9893
1389,1,5473.502
545,1,639.3038
674,2,1483.8154
1393,0,360.09912
12,9,1509.0001
955,2,2184.727
306,5,3128.0989
1295,3,1231.7615
1548,0,-67.96451
586,9,895.8635
580,2,1873.2833
277,6,1447.5437
850,2,4478.5103
1180,2,4805.018
988,7,1757.623
668,1,889.0634
457,1,2176.898
331,0,346.49887
1116,2,2735.1255
814,9,2143.0151
1042,5,1849.9482
1019,0,560.903
1178,0,-10.590677
1388,5,5529.0083
42,2,953.42957
1119,8,744.07513
381,7,3894.4473
1136,0,-397.0374
163,9,1736.671
443,3,2793.6016
225,0,800.7713
944,4,287.08084
899,0,107.39255
1499,8,1102.6947
318,9,1591.0411
595,6,1127.4751
269,9,1207.5083
1239,9,1210.0585
1028,7,1281.6517
824,7,566.1302
208,9,718.82544
1475,7,2474.4998
732,3,1453.0592
466,7,2218.6375
652,5,1110.0447
179,2,3074.555
1011,2,3528.9224
455,6,1184.6686
417,4,112.18194
926,9,4077.073
120,7,897.49066
955,3,1548.9025
506,2,1120.636
48,5,1792.7369
1371,9,811.6658
195,7,2139.743
643,6,1568.3593
307,3,1862.917
842,4,372.6852
1062,0,241.7476
618,9,1458.2949
1003,3,1916.5591
1223,2,2145.8628
1371,0,189.62744
842,6,2327.4185
376,1,1694.8577
527,8,1360.7916
756,9,4376.2373
403,8,5436.195
422,5,4832.593
1523,8,2127.8162
76,2,1377.5105
845,2,4059.063
766,6,3396.8906
403,6,4138.4697
101,2,590.87537
1205,5,2650.9475
191,8,2534.315
659,4,303.7548
1303,6,811.5202
1144,1,1938.1763
1245,7,3163.035
45,9,4881.186
118,4,574.54565
597,6,1038.5265
1449,6,4186.923
919,4,-189.22845
523,6,3620.6338
381,3,3267.0188
168,6,3825.4668
1437,2,962.7411
1238,7,3115.0972
1457,1,3395.5012
771,0,403.9927
599,5,3477.1157
3,6,1665.6262
529,8,1877.6309
707,3,2033.6146
697,3,4958.894
188,6,2168.0168
357,7,1537.0321
152,1,1793.42
1351,2,2200.5364
1247,0,41.355427
1022,9,790.5421
682,1,1267.8246
1013,2,2893.0952
47,1,2161.333
869,6,3686.603
901,8,2301.975
930,1,4845.757
1131,5,5434.0723
550,8,1649.2769
0,9,1243.5647
1194,2,905.2313
1506,1,3075.5234
293,1,3858.3608
828,3,2461.4094
1449,7,3832.6267
757,7,2934.407
1515,4,175.3501
664,3,2207.1074
1228,3,3442.0713
1237,9,2289.551
1388,1,4606.111
1354,8,1221.6062
947,8,3971.3008
1059,9,2514.6445
1237,6,2119.6794
670,1,1232.0132
879,4,443.81982
1261,7,1951.7596
307,8,1903.6351
508,6,785.876
969,0,414.19235
169,5,3847.8914
1527,6,2532.3572
1293,2,738.6673
769,4,417.2194
342,9,2451.6345
222,6,3417.2031
429,1,532.4044
471,1,1505.0375
393,7,1771.374
641,4,-83.04537
200,1,1777.1184
1478,4,225.00612
95,7,836.7404
711,4,219.4849
167,8,2571.4026
1150,9,740.4901
1112,7,4418.571
435,3,623.8568
186,4,134.53477
368,4,156.82553
343,8,778.6815
1501,8,1476.3125
1440,6,2247.159
669,5,1880.7487
999,9,1089.707
1389,2,5948.38
971,2,2154.681
373,9,1745.9569
864,9,2558.5076
525,1,1872.7974
69,6,807.3433
813,8,5144.037
105,6,2969.2046
737,8,5261.8364
825,5,3400.5288
1058,7,1177.5437
927,9,3094.376
522,5,2901.4778
443,8,2782.419
1078,5,2160.7056
613,9,482.9309
1090,2,3215.9714
605,9,1507.5876
332,8,1785.6177
1145,9,3879.4924
765,2,2059.9272
1162,7,3132.8018
807,9,2772.5461
572,5,4138.7734
1187,7,5025.6406
780,2,1821.5406
677,9,3271.1096
741,2,689.95215
860,1,3214.725
1254,0,526.4774
598,3,3047.6047
1223,6,2215.9954
564,1,2557.336
119,5,3284.9236
832,1,2448.3076
793,6,5506.967
314,1,3051.207
1474,8,558.84424
463,7,910.82837
466,4,375.4224
832,0,145.10342
526,6,2053.4607
1097,6,1380.9132
792,3,2048.8228
757,1,2746.2095
319,5,5340.347
268,7,1452.0514
181,4,457.38602
491,3,2614.6174
1509,1,1927.4116
843,7,3041.5295
449,2,1679.714
773,4,386.4004
882,3,1253.526
652,7,564.5298
531,3,2164.4514
75,2,1406.4675
12,2,1611.6053
31,1,1563.566
1529,9,2193.2266
828,2,2881.0647
140,7,4245.163
15,4,210.05646
809,5,1481.1108
591,1,1855.2375
638,6,2144.3167
1420,1,3601.229
304,6,1558.181
351,9,1313.4119
1492,4,487.52368
524,3,673.7421
326,8,4460.1694
1222,7,2798.2666
143,8,1735.0322
566,9,1161.083
353,9,606.1611
452,1,3555.9255
86,1,872.5042
88,8,4053.3425
14,9,1777.609
880,4,359.38617
472,3,2540.4185
1227,3,1459.3461
1535,5,5684.491
1429,4,153.76756
391,1,2461.834
489,6,1672.227
98,9,2898.8484
214,8,1465.5461
1184,5,3366.5706
114,2,2876.702
1203,6,3495.9863
403,1,4506.4663
351,3,1162.9133
140,5,5036.75
691,0,-201.80411
584,8,2249.3694
864,1,1989.6272
23,6,468.78836
802,5,1145.3236
600,9,3477.8206
610,7,433.83673
598,9,3556.3474
1413,8,579.24084
699,6,2652.339
218,7,2854.2236
492,6,2999.0618
505,6,1659.7253
444,3,1706.1885
796,1,1705.8799
943,8,2270.173
273,7,2726.145
365,8,3232.826
804,2,2723.381
1401,2,2495.7202
904,6,2105.4814
483,9,3863.1743
1311,7,4116.955
1243,0,610.3425
830,4,-30.865362
765,3,1623.637
1112,4,635.8915
220,2,2595.1711
635,3,2428.4116
1057,1,4025.9287
1487,3,2276.573
692,9,4248.3
929,6,3170.7048
297,9,4441.815
1127,2,4785.413
468,1,2324.9536
75,8,1253.5956
1377,9,812.48724
1109,7,2685.3298
369,4,436.04993
446,4,248.87221
508,9,585.7553
995,2,1873.6624
113,3,3480.0828
356,7,598.80975
506,6,1016.1595
73,6,463.44913
563,9,884.19977
686,7,1342.8547
976,2,3580.5073
1489,5,6672.515
898,5,2644.8943
555,2,893.6274
44,1,3646.9631
681,0,259.64313
1406,7,3203.2817
317,6,1883.8787
626,7,1603.2102
696,3,861.3931
995,1,1952.2266
1269,3,3392.8447
1431,9,1412.1666
484,8,3721.9663
1228,8,4597.8833
1055,8,1525.5471
1030,7,451.86972
1232,6,1383.6027
703,0,1096.0596
1098,1,475.44818
1110,7,2995.0166
951,4,34.50292
1482,7,2975.162
1289,2,2531.755
160,2,3658.0046
814,8,2216.0
1312,9,1692.4742
306,2,1521.7067
1441,2,1181.5254
857,6,3445.4717
124,1,3175.7234
857,4,506.32675
1131,0,627.19977
1034,5,4177.8423
808,5,3599.2073
137,7,1621.1588
222,0,459.7904
654,0,293.72174
1074,7,2691.6616
530,4,979.4965
646,8,874.70544
1074,6,3793.3354
1205,9,1922.1713
1308,5,4209.3584
693,7,780.3645
795,0,-77.71677
1533,3,2502.695
342,8,2290.4438
1477,5,5653.2114
1451,5,1478.5101
1134,2,2973.3933
471,6,1498.4181
270,5,3415.8926
242,1,1553.6456
533,7,2710.3872
1024,0,145.69124
1126,5,6524.1855
606,4,126.510666
4,8,3711.071
393,5,3018.3062
945,9,2516.8396
1356,6,722.8272
945,3,2361.3225
499,8,689.23474
11,4,277.5789
1549,2,1541.433
540,9,4007.2383
1125,2,3761.5852
322,6,1812.4032
1364,9,1585.0283
33,2,2563.3135
1062,8,1551.2881
1200,2,2372.3374
1045,1,2506.7188
359,4,459.82486
172,6,2491.1033
878,5,3837.1548
1005,1,2297.1167
492,0,507.87988
461,8,2101.0588
1226,1,1489.3214
904,1,2492.3945
329,2,2337.3845
164,9,3942.72
1026,8,2335.3677
609,4,-261.99893
688,1,2538.6914
1355,2,2026.3071
715,7,2539.8242
1161,3,2364.0193
937,4,301.15796
287,9,1169.3085
1532,1,3725.6191
1332,3,1960.0576
1512,9,3482.713
1481,6,1628.2839
259,7,2086.5803
348,8,1922.8811
62,4,289.57437
261,9,4150.6196
445,4,775.0912
1049,5,5939.34
1378,7,2672.4368
1547,6,2282.0552
463,1,1111.3356
1297,3,639.29987
496,8,1152.2375
24,5,7502.4224
657,6,2169.5554
703,5,6430.941
1168,8,3803.5762
1135,7,955.8239
1117,2,1687.9143
442,5,2926.8591
1535,2,3581.286
290,5,3740.6023
66,4,113.96936
36,3,3640.0725
197,1,3020.1616
454,1,2187.0776
1377,3,555.56775
309,8,2391.459
1498,5,2213.8872
375,5,5417.4424
75,7,1212.6659
51,6,2839.4282
1546,4,508.76965
450,2,1698.8522
1353,5,2740.946
460,5,3054.1086
1221,3,1212.6523
551,2,1596.5824
50,3,1041.7106
1402,5,2588.3467
1275,6,2666.9944
1550,6,3553.3838
1006,9,2002.7019
1283,5,2305.9685
742,1,4169.293
367,8,2923.465
1406,9,3268.2117
127,3,618.4309
436,8,1665.4282
277,3,947.8163
339,3,730.24713
81,1,2402.878
1472,1,3876.7256
734,6,1106.2592
1521,7,2565.686
1144,2,1690.8315
1373,7,1386.9993
1435,0,-12.315357
1341,8,1656.7986
952,5,3126.8286
62,8,3435.6572
1154,0,361.68738
58,9,2813.3413
997,9,1347.5795
548,9,2188.5679
45,5,5122.4785
264,6,2192.2024
742,8,3531.557
1236,5,1361.532
1184,4,277.2748
63,6,1905.5813
689,7,4040.5366
1067,9,2485.1904
1136,3,1292.9279
726,2,729.3506
536,5,3982.0154
1540,0,802.1037
328,3,2511.1658
935,0,546.1353
812,8,1032.9396
339,8,1080.7477
224,1,2158.0535
1327,6,3195.8938
1376,3,3431.2456
946,4,113.477585
273,9,3013.5908
521,9,3000.4453
1262,2,2635.4866
1025,5,4876.6963
830,0,-84.89959
478,3,3934.0715
386,3,3394.896
1282,4,477.4347
1368,5,5634.595
1130,2,3235.1187
611,7,2175.9097
1309,6,534.46564
89,9,1975.648
330,1,2290.9805
1182,4,110.88106
1425,7,227.81093
1475,2,2919.8713
126,2,3529.6377
709,0,195.46231
518,5,2742.8152
1531,1,3656.9202
429,9,522.89606
312,7,1392.0895
723,2,3648.6902
276,4,97.27723
880,3,2469.139
225,6,3788.869
1028,4,117.12397
209,1,3139.406
171,6,2027.2146
685,3,4400.905
718,4,444.85257
210,9,3395.6443
94,8,1030.506
459,5,2913.0815
475,7,3657.977
983,3,414.01477
283,9,3281.102
284,8,2413.1272
672,0,176.49396
180,3,2991.8723
649,8,1380.1067
363,0,312.39297
893,3,1657.1882
1390,1,2844.2349
1235,7,5330.636
691,1,2079.106
533,9,3226.6282
408,4,9.810241
1245,6,3712.2883
1436,1,1894.0844
966,6,1800.8684
1097,9,1014.9873
1372,3,2084.9856
179,8,1848.9774
1111,3,5091.408
1201,2,3855.0808
798,2,1238.8169
622,9,3421.065
437,3,1813.6353
1462,6,1688.2361
943,6,2611.324
1495,3,1473.7426
94,0,270.6474
1460,8,2625.6094
1409,9,1318.2289
136,5,3968.647
989,3,614.30005
1200,5,4663.828
421,6,2359.2842
119,3,1113.6786
1283,9,1255.1895
559,9,5746.518
724,7,718.70917
919,1,2579.49
1093,5,2183.7415
821,6,1791.5089
387,1,3378.0637
176,3,1219.0282
1497,3,1220.4221
1215,6,2257.553
763,5,3281.809
1463,7,3371.1812
1288,2,2780.0796
819,3,1931.3251
418,8,1657.9989
776,8,1887.1665
619,7,1466.535
1256,3,1088.6344
48,6,820.0474
380,2,4398.1255
1110,6,3404.8447
1184,9,2991.5315
401,1,2597.4885
189,2,713.28595
608,4,18.523438
1140,8,1441.8583
1465,1,3526.9277
455,7,1051.8036
1010,6,2536.1614
966,0,523.3876
546,7,1434.4005
656,9,1791.9252
349,1,2493.3594
479,9,897.8869
646,9,919.60345
1514,9,1773.851
952,1,1985.9657
1215,1,2423.5166
962,2,358.0844
1064,3,3907.7793
970,1,1769.0946
1405,5,5358.013
502,3,1824.1068
298,8,2434.5054
1105,5,3048.7566
959,5,3500.4517
709,1,1217.3483
1456,3,1894.6154
1519,1,2276.849
478,0,-196.58849
1339,0,48.63737
950,9,1620.3997
1327,2,2527.31
1397,6,815.7397
218,2,2950.4668
206,8,2377.838
275,8,744.72095
1345,1,1454.2206
162,0,540.61365
61,1,2649.4578
1033,1,2193.4734
1326,4,331.81467
417,7,470.46625
986,3,1405.0238
161,9,4209.628
1194,8,946.9351
516,7,3120.7646
1522,3,3330.1028
576,3,3555.235
383,8,2917.8418
768,9,2478.955
984,5,3417.1216
635,2,2883.0425
1385,8,4057.0244
516,4,505.2438
488,3,1741.084
114,8,2484.269
138,3,650.1844
149,4,504.84833
1434,1,3716.2957
704,7,2356.9604
1099,7,3386.1174
1511,1,2948.6968
330,8,2498.759
1274,3,2710.6833
46,2,3140.6045
194,1,4598.4976
753,5,6147.8374
748,8,4070.441
1485,3,3008.9963
900,3,252.28151
157,2,5666.5312
664,6,2759.3005
358,5,7589.474
58,3,2594.4724
1080,3,1310.534
973,2,1068.9961
1067,8,1986.7697
201,7,3193.8108
1354,9,1589.7797
1492,3,2959.2546
402,3,3894.7686
752,2,4173.3594
806,5,3239.9314
611,5,3482.8806
1113,5,4654.891
895,1,1558.5466
1514,6,1189.3572
293,3,2278.0225
147,7,1927.0059
890,3,2634.6199
624,1,2008.7382
1516,5,3210.9583
1485,8,2822.8784
687,3,1540.9889
112,8,2877.2842
1326,8,1671.2843
1412,2,2099.7502
506,5,1940.9949
1349,9,1099.9324
1378,9,3116.2288
788,4,493.5125
1200,9,2705.432
849,9,1037.2604
541,9,3012.7788
142,7,520.8359
557,5,4619.3525
65,7,1144.4889
242,0,403.6799
292,1,3249.0347
755,7,1717.2413
711,6,1389.5177
816,1,3108.9763
1142,5,3082.325
261,5,7726.235
1011,8,4630.8696
608,1,2560.7563
108,9,4668.1543
554,1,2714.0547
59,5,4107.2686
554,2,2997.5227
71,3,813.9811
14,3,2268.5737
27,5,1219.2041
377,8,3019.8062
1232,8,1022.75916
264,0,205.2264
672,5,4824.5083
692,2,4682.097
145,9,1095.8933
1338,9,3925.5208
385,3,1319.4352
116,8,676.44135
1104,9,739.5134
233,8,2003.172
308,3,2545.9485
1426,7,1573.8009
521,2,5244.6553
997,7,1486.7324
